{
    "contents": {
        "catalogue": [
            {
                "documentation": {
                    "definition": "This Data Item allows for a more convenient handling of the messages\nat the receiver side by further defining the type of transaction.\n",
                    "description": null,
                    "remark": null
                },
                "name": "000",
                "rule": {
                    "contents": {
                        "contents": {
                            "bitSize": 8,
                            "rule": {
                                "contents": {
                                    "contents": [
                                        [
                                            2,
                                            "Cartesian vector"
                                        ],
                                        [
                                            253,
                                            "Intermediate-update-step message"
                                        ],
                                        [
                                            254,
                                            "Start-of-picture message"
                                        ],
                                        [
                                            255,
                                            "End-of-picture message"
                                        ]
                                    ],
                                    "tag": "ContentTable"
                                },
                                "tag": "ContextFree"
                            }
                        },
                        "tag": "Element"
                    },
                    "tag": "ContextFree"
                },
                "title": "Message Type"
            },
            {
                "documentation": {
                    "definition": "Identification of the radar station from which the data are received.\n",
                    "description": null,
                    "remark": "Note:\n    The defined SACs are on the EUROCONTROL ASTERIX website\n    (www.eurocontrol.int/asterix)\n"
                },
                "name": "010",
                "rule": {
                    "contents": {
                        "contents": [
                            {
                                "contents": {
                                    "documentation": {
                                        "definition": null,
                                        "description": null,
                                        "remark": null
                                    },
                                    "name": "SAC",
                                    "rule": {
                                        "contents": {
                                            "contents": {
                                                "bitSize": 8,
                                                "rule": {
                                                    "contents": {
                                                        "contents": [],
                                                        "tag": "ContentRaw"
                                                    },
                                                    "tag": "ContextFree"
                                                }
                                            },
                                            "tag": "Element"
                                        },
                                        "tag": "ContextFree"
                                    },
                                    "title": "System Area Code"
                                },
                                "tag": "Item"
                            },
                            {
                                "contents": {
                                    "documentation": {
                                        "definition": null,
                                        "description": null,
                                        "remark": null
                                    },
                                    "name": "SIC",
                                    "rule": {
                                        "contents": {
                                            "contents": {
                                                "bitSize": 8,
                                                "rule": {
                                                    "contents": {
                                                        "contents": [],
                                                        "tag": "ContentRaw"
                                                    },
                                                    "tag": "ContextFree"
                                                }
                                            },
                                            "tag": "Element"
                                        },
                                        "tag": "ContextFree"
                                    },
                                    "title": "System Identification Code"
                                },
                                "tag": "Item"
                            }
                        ],
                        "tag": "Group"
                    },
                    "tag": "ContextFree"
                },
                "title": "Data Source Identifier"
            },
            {
                "documentation": {
                    "definition": "This Data Item defines the orientation of the following sequence\nof Cartesian vectors, their intensity level and the relevant\ncoordinate system.\n",
                    "description": null,
                    "remark": "For polar vectors \"S-bits\" are meaningless and shall be set to zero.\n"
                },
                "name": "020",
                "rule": {
                    "contents": {
                        "contents": [
                            {
                                "contents": {
                                    "documentation": {
                                        "definition": null,
                                        "description": null,
                                        "remark": null
                                    },
                                    "name": "ORG",
                                    "rule": {
                                        "contents": {
                                            "contents": {
                                                "bitSize": 1,
                                                "rule": {
                                                    "contents": {
                                                        "contents": [
                                                            [
                                                                0,
                                                                "Local Coordinates"
                                                            ],
                                                            [
                                                                1,
                                                                "System Coordinates"
                                                            ]
                                                        ],
                                                        "tag": "ContentTable"
                                                    },
                                                    "tag": "ContextFree"
                                                }
                                            },
                                            "tag": "Element"
                                        },
                                        "tag": "ContextFree"
                                    },
                                    "title": ""
                                },
                                "tag": "Item"
                            },
                            {
                                "contents": {
                                    "documentation": {
                                        "definition": null,
                                        "description": null,
                                        "remark": null
                                    },
                                    "name": "I",
                                    "rule": {
                                        "contents": {
                                            "contents": {
                                                "bitSize": 3,
                                                "rule": {
                                                    "contents": {
                                                        "contents": {
                                                            "constraints": [],
                                                            "signedness": {
                                                                "contents": [],
                                                                "tag": "Unsigned"
                                                            }
                                                        },
                                                        "tag": "ContentInteger"
                                                    },
                                                    "tag": "ContextFree"
                                                }
                                            },
                                            "tag": "Element"
                                        },
                                        "tag": "ContextFree"
                                    },
                                    "title": "Intensity Level"
                                },
                                "tag": "Item"
                            },
                            {
                                "contents": {
                                    "documentation": {
                                        "definition": null,
                                        "description": null,
                                        "remark": null
                                    },
                                    "name": "S",
                                    "rule": {
                                        "contents": {
                                            "contents": {
                                                "bitSize": 3,
                                                "rule": {
                                                    "contents": {
                                                        "contents": [
                                                            [
                                                                0,
                                                                "0°"
                                                            ],
                                                            [
                                                                1,
                                                                "22.5°"
                                                            ],
                                                            [
                                                                2,
                                                                "45°"
                                                            ],
                                                            [
                                                                3,
                                                                "67.5°"
                                                            ],
                                                            [
                                                                4,
                                                                "90°"
                                                            ],
                                                            [
                                                                5,
                                                                "112.5°"
                                                            ],
                                                            [
                                                                6,
                                                                "135°"
                                                            ],
                                                            [
                                                                7,
                                                                "157.5°"
                                                            ]
                                                        ],
                                                        "tag": "ContentTable"
                                                    },
                                                    "tag": "ContextFree"
                                                }
                                            },
                                            "tag": "Element"
                                        },
                                        "tag": "ContextFree"
                                    },
                                    "title": "Shading Orientation with Respect to North"
                                },
                                "tag": "Item"
                            },
                            null
                        ],
                        "tag": "Extended"
                    },
                    "tag": "ContextFree"
                },
                "title": "Vector Qualifier"
            },
            {
                "documentation": {
                    "definition": "Sequence of weather vectors in local or system Cartesian coordinates.\n",
                    "description": null,
                    "remark": "'F' shall be incorporated as a parameter in the SOP message.\n"
                },
                "name": "030",
                "rule": {
                    "contents": {
                        "contents": {
                            "type": {
                                "contents": {
                                    "byteSize": 1
                                },
                                "tag": "RepetitiveRegular"
                            },
                            "variation": {
                                "contents": [
                                    {
                                        "contents": {
                                            "documentation": {
                                                "definition": null,
                                                "description": null,
                                                "remark": "Adjust with scaling factor '080/F'\n2exp (-6+f), where f is the scaling factor applied, modifying the\nstandard quantisation unit.\nRange:-2exp (9+f) =<X<2exp (9+f) NM.\n"
                                            },
                                            "name": "X",
                                            "rule": {
                                                "contents": {
                                                    "contents": {
                                                        "bitSize": 16,
                                                        "rule": {
                                                            "contents": {
                                                                "contents": {
                                                                    "constraints": [],
                                                                    "signedness": {
                                                                        "contents": [],
                                                                        "tag": "Signed"
                                                                    }
                                                                },
                                                                "tag": "ContentInteger"
                                                            },
                                                            "tag": "ContextFree"
                                                        }
                                                    },
                                                    "tag": "Element"
                                                },
                                                "tag": "ContextFree"
                                            },
                                            "title": "X-coordinate"
                                        },
                                        "tag": "Item"
                                    },
                                    {
                                        "contents": {
                                            "documentation": {
                                                "definition": null,
                                                "description": null,
                                                "remark": "Adjust with scaling factor '080/F'\n2exp (-6+f), where f is the scaling factor applied, modifying the\nstandard quantisation unit.\nRange:-2exp (9+f) =<Y<2exp (9+f) NM.\n"
                                            },
                                            "name": "Y",
                                            "rule": {
                                                "contents": {
                                                    "contents": {
                                                        "bitSize": 16,
                                                        "rule": {
                                                            "contents": {
                                                                "contents": {
                                                                    "constraints": [],
                                                                    "signedness": {
                                                                        "contents": [],
                                                                        "tag": "Signed"
                                                                    }
                                                                },
                                                                "tag": "ContentInteger"
                                                            },
                                                            "tag": "ContextFree"
                                                        }
                                                    },
                                                    "tag": "Element"
                                                },
                                                "tag": "ContextFree"
                                            },
                                            "title": "Y-coordinate"
                                        },
                                        "tag": "Item"
                                    },
                                    {
                                        "contents": {
                                            "documentation": {
                                                "definition": null,
                                                "description": null,
                                                "remark": "Adjust with scaling factor '080/F'\n2exp (-6+f).\nMax. range = 2exp (9+f) NM.\n"
                                            },
                                            "name": "L",
                                            "rule": {
                                                "contents": {
                                                    "contents": {
                                                        "bitSize": 16,
                                                        "rule": {
                                                            "contents": {
                                                                "contents": {
                                                                    "constraints": [],
                                                                    "signedness": {
                                                                        "contents": [],
                                                                        "tag": "Unsigned"
                                                                    }
                                                                },
                                                                "tag": "ContentInteger"
                                                            },
                                                            "tag": "ContextFree"
                                                        }
                                                    },
                                                    "tag": "Element"
                                                },
                                                "tag": "ContextFree"
                                            },
                                            "title": "Vector Length"
                                        },
                                        "tag": "Item"
                                    }
                                ],
                                "tag": "Group"
                            }
                        },
                        "tag": "Repetitive"
                    },
                    "tag": "ContextFree"
                },
                "title": "Sequence of Cartesian Vectors"
            },
            {
                "documentation": {
                    "definition": "This Data Item provides the serial Step Number.\n",
                    "description": null,
                    "remark": null
                },
                "name": "060",
                "rule": {
                    "contents": {
                        "contents": [
                            {
                                "contents": {
                                    "documentation": {
                                        "definition": null,
                                        "description": null,
                                        "remark": null
                                    },
                                    "name": "SN",
                                    "rule": {
                                        "contents": {
                                            "contents": {
                                                "bitSize": 6,
                                                "rule": {
                                                    "contents": {
                                                        "contents": {
                                                            "constraints": [],
                                                            "signedness": {
                                                                "contents": [],
                                                                "tag": "Unsigned"
                                                            }
                                                        },
                                                        "tag": "ContentInteger"
                                                    },
                                                    "tag": "ContextFree"
                                                }
                                            },
                                            "tag": "Element"
                                        },
                                        "tag": "ContextFree"
                                    },
                                    "title": "Step Number"
                                },
                                "tag": "Item"
                            },
                            {
                                "contents": 1,
                                "tag": "Spare"
                            },
                            null
                        ],
                        "tag": "Extended"
                    },
                    "tag": "ContextFree"
                },
                "title": "Synchronisation/Control Signal"
            },
            {
                "documentation": {
                    "definition": "Absolute time stamping expressed as UTC time.\n",
                    "description": null,
                    "remark": "The time of day value is reset to zero each day at midnight.\n"
                },
                "name": "070",
                "rule": {
                    "contents": {
                        "contents": {
                            "bitSize": 24,
                            "rule": {
                                "contents": {
                                    "contents": {
                                        "constraints": [],
                                        "lsb": {
                                            "contents": {
                                                "denominator": {
                                                    "contents": {
                                                        "base": 2,
                                                        "exponent": 7
                                                    },
                                                    "tag": "NumPow"
                                                },
                                                "numerator": {
                                                    "contents": 1,
                                                    "tag": "NumInt"
                                                }
                                            },
                                            "tag": "NumDiv"
                                        },
                                        "signedness": {
                                            "contents": [],
                                            "tag": "Unsigned"
                                        },
                                        "unit": "s"
                                    },
                                    "tag": "ContentQuantity"
                                },
                                "tag": "ContextFree"
                            }
                        },
                        "tag": "Element"
                    },
                    "tag": "ContextFree"
                },
                "title": "Time of Day"
            },
            {
                "documentation": {
                    "definition": "Processing status of the Track Server.\n",
                    "description": null,
                    "remark": null
                },
                "name": "080",
                "rule": {
                    "contents": {
                        "contents": [
                            {
                                "contents": {
                                    "documentation": {
                                        "definition": null,
                                        "description": null,
                                        "remark": null
                                    },
                                    "name": "F",
                                    "rule": {
                                        "contents": {
                                            "contents": {
                                                "bitSize": 5,
                                                "rule": {
                                                    "contents": {
                                                        "contents": {
                                                            "constraints": [],
                                                            "signedness": {
                                                                "contents": [],
                                                                "tag": "Signed"
                                                            }
                                                        },
                                                        "tag": "ContentInteger"
                                                    },
                                                    "tag": "ContextFree"
                                                }
                                            },
                                            "tag": "Element"
                                        },
                                        "tag": "ContextFree"
                                    },
                                    "title": "Scaling Factor"
                                },
                                "tag": "Item"
                            },
                            {
                                "contents": {
                                    "documentation": {
                                        "definition": null,
                                        "description": null,
                                        "remark": null
                                    },
                                    "name": "R",
                                    "rule": {
                                        "contents": {
                                            "contents": {
                                                "bitSize": 3,
                                                "rule": {
                                                    "contents": {
                                                        "contents": [],
                                                        "tag": "ContentRaw"
                                                    },
                                                    "tag": "ContextFree"
                                                }
                                            },
                                            "tag": "Element"
                                        },
                                        "tag": "ContextFree"
                                    },
                                    "title": "Current Reduction Stage in Use"
                                },
                                "tag": "Item"
                            },
                            {
                                "contents": {
                                    "documentation": {
                                        "definition": null,
                                        "description": null,
                                        "remark": null
                                    },
                                    "name": "Q",
                                    "rule": {
                                        "contents": {
                                            "contents": {
                                                "bitSize": 15,
                                                "rule": {
                                                    "contents": {
                                                        "contents": [],
                                                        "tag": "ContentRaw"
                                                    },
                                                    "tag": "ContextFree"
                                                }
                                            },
                                            "tag": "Element"
                                        },
                                        "tag": "ContextFree"
                                    },
                                    "title": "Processing Parameters"
                                },
                                "tag": "Item"
                            },
                            null
                        ],
                        "tag": "Extended"
                    },
                    "tag": "ContextFree"
                },
                "title": "Processing Status"
            },
            {
                "documentation": {
                    "definition": "Current radar configuration and status of all operational radars.\n",
                    "description": null,
                    "remark": null
                },
                "name": "090",
                "rule": {
                    "contents": {
                        "contents": {
                            "type": {
                                "contents": {
                                    "byteSize": 1
                                },
                                "tag": "RepetitiveRegular"
                            },
                            "variation": {
                                "contents": [
                                    {
                                        "contents": {
                                            "documentation": {
                                                "definition": null,
                                                "description": null,
                                                "remark": null
                                            },
                                            "name": "SAC",
                                            "rule": {
                                                "contents": {
                                                    "contents": {
                                                        "bitSize": 8,
                                                        "rule": {
                                                            "contents": {
                                                                "contents": [],
                                                                "tag": "ContentRaw"
                                                            },
                                                            "tag": "ContextFree"
                                                        }
                                                    },
                                                    "tag": "Element"
                                                },
                                                "tag": "ContextFree"
                                            },
                                            "title": "SAC of Radar Concerned"
                                        },
                                        "tag": "Item"
                                    },
                                    {
                                        "contents": {
                                            "documentation": {
                                                "definition": null,
                                                "description": null,
                                                "remark": null
                                            },
                                            "name": "SIC",
                                            "rule": {
                                                "contents": {
                                                    "contents": {
                                                        "bitSize": 8,
                                                        "rule": {
                                                            "contents": {
                                                                "contents": [],
                                                                "tag": "ContentRaw"
                                                            },
                                                            "tag": "ContextFree"
                                                        }
                                                    },
                                                    "tag": "Element"
                                                },
                                                "tag": "ContextFree"
                                            },
                                            "title": "SIC of Radar Concerned"
                                        },
                                        "tag": "Item"
                                    },
                                    {
                                        "contents": 3,
                                        "tag": "Spare"
                                    },
                                    {
                                        "contents": {
                                            "documentation": {
                                                "definition": null,
                                                "description": null,
                                                "remark": null
                                            },
                                            "name": "CP",
                                            "rule": {
                                                "contents": {
                                                    "contents": {
                                                        "bitSize": 1,
                                                        "rule": {
                                                            "contents": {
                                                                "contents": [],
                                                                "tag": "ContentRaw"
                                                            },
                                                            "tag": "ContextFree"
                                                        }
                                                    },
                                                    "tag": "Element"
                                                },
                                                "tag": "ContextFree"
                                            },
                                            "title": "Circular Polarisation"
                                        },
                                        "tag": "Item"
                                    },
                                    {
                                        "contents": {
                                            "documentation": {
                                                "definition": null,
                                                "description": null,
                                                "remark": null
                                            },
                                            "name": "WO",
                                            "rule": {
                                                "contents": {
                                                    "contents": {
                                                        "bitSize": 1,
                                                        "rule": {
                                                            "contents": {
                                                                "contents": [],
                                                                "tag": "ContentRaw"
                                                            },
                                                            "tag": "ContextFree"
                                                        }
                                                    },
                                                    "tag": "Element"
                                                },
                                                "tag": "ContextFree"
                                            },
                                            "title": "Weather Channel Overload"
                                        },
                                        "tag": "Item"
                                    },
                                    {
                                        "contents": {
                                            "documentation": {
                                                "definition": null,
                                                "description": null,
                                                "remark": null
                                            },
                                            "name": "R",
                                            "rule": {
                                                "contents": {
                                                    "contents": {
                                                        "bitSize": 3,
                                                        "rule": {
                                                            "contents": {
                                                                "contents": [],
                                                                "tag": "ContentRaw"
                                                            },
                                                            "tag": "ContextFree"
                                                        }
                                                    },
                                                    "tag": "Element"
                                                },
                                                "tag": "ContextFree"
                                            },
                                            "title": "Reduction Step in Use By Radar  Concerned"
                                        },
                                        "tag": "Item"
                                    }
                                ],
                                "tag": "Group"
                            }
                        },
                        "tag": "Repetitive"
                    },
                    "tag": "ContextFree"
                },
                "title": "Radar Configuration and Status"
            },
            {
                "documentation": {
                    "definition": "Total number of vectors defining a complete weather picture.\n",
                    "description": null,
                    "remark": null
                },
                "name": "100",
                "rule": {
                    "contents": {
                        "contents": {
                            "bitSize": 16,
                            "rule": {
                                "contents": {
                                    "contents": {
                                        "constraints": [],
                                        "signedness": {
                                            "contents": [],
                                            "tag": "Unsigned"
                                        }
                                    },
                                    "tag": "ContentInteger"
                                },
                                "tag": "ContextFree"
                            }
                        },
                        "tag": "Element"
                    },
                    "tag": "ContextFree"
                },
                "title": "Vector Count"
            }
        ],
        "category": 9,
        "date": {
            "day": 22,
            "month": 10,
            "year": 2014
        },
        "edition": {
            "major": 2,
            "minor": 1
        },
        "preamble": "Surveillance data exchange.\n",
        "title": "Composite Weather Reports",
        "uap": {
            "contents": [
                {
                    "contents": "010",
                    "tag": "UapItem"
                },
                {
                    "contents": "000",
                    "tag": "UapItem"
                },
                {
                    "contents": "020",
                    "tag": "UapItem"
                },
                {
                    "contents": "030",
                    "tag": "UapItem"
                },
                {
                    "contents": "060",
                    "tag": "UapItem"
                },
                {
                    "contents": "070",
                    "tag": "UapItem"
                },
                {
                    "contents": "080",
                    "tag": "UapItem"
                },
                {
                    "contents": "090",
                    "tag": "UapItem"
                },
                {
                    "contents": "100",
                    "tag": "UapItem"
                }
            ],
            "tag": "Uap"
        }
    },
    "tag": "AsterixBasic"
}