{
    "contents": {
        "catalogue": [
            {
                "documentation": {
                    "definition": "Definition of the type of message in the Surveillance\nCoordination Network (SCN) environment\n",
                    "description": null,
                    "remark": "NOTE:\n    - Message types 30 to 33 are specific to POEMS stations.\n"
                },
                "name": "000",
                "rule": {
                    "contents": {
                        "contents": {
                            "bitSize": 8,
                            "rule": {
                                "contents": {
                                    "contents": [
                                        [
                                            0,
                                            "Network information"
                                        ],
                                        [
                                            10,
                                            "Track data"
                                        ],
                                        [
                                            20,
                                            "Track data request"
                                        ],
                                        [
                                            21,
                                            "Track data stop"
                                        ],
                                        [
                                            22,
                                            "Cancel track data request"
                                        ],
                                        [
                                            23,
                                            "Track data stop acknowledgement"
                                        ],
                                        [
                                            30,
                                            "New Node / Change-over Initial or intermediate message segment"
                                        ],
                                        [
                                            31,
                                            "New Node / Change-over Final or only message segment"
                                        ],
                                        [
                                            32,
                                            "New Node / Change-over Initial or intermediate message segment reply"
                                        ],
                                        [
                                            33,
                                            "New Node / Change-over Final or only message segment reply"
                                        ],
                                        [
                                            110,
                                            "Move node to new cluster state;"
                                        ],
                                        [
                                            111,
                                            "Move node to new cluster state acknowledgement"
                                        ]
                                    ],
                                    "tag": "ContentTable"
                                },
                                "tag": "ContextFree"
                            }
                        },
                        "tag": "Element"
                    },
                    "tag": "ContextFree"
                },
                "title": "Message Type"
            },
            {
                "documentation": {
                    "definition": "Identification of the source node for the SCN data\n",
                    "description": null,
                    "remark": "NOTE:\n    - The up-to-date list of SACs is published on the Eurocontrol\n      Web Site (http://www.eurocontrol.int/asterix).\n"
                },
                "name": "010",
                "rule": {
                    "contents": {
                        "contents": [
                            {
                                "contents": {
                                    "documentation": {
                                        "definition": null,
                                        "description": null,
                                        "remark": null
                                    },
                                    "name": "SAC",
                                    "rule": {
                                        "contents": {
                                            "contents": {
                                                "bitSize": 8,
                                                "rule": {
                                                    "contents": {
                                                        "contents": [],
                                                        "tag": "ContentRaw"
                                                    },
                                                    "tag": "ContextFree"
                                                }
                                            },
                                            "tag": "Element"
                                        },
                                        "tag": "ContextFree"
                                    },
                                    "title": "System Area Code"
                                },
                                "tag": "Item"
                            },
                            {
                                "contents": {
                                    "documentation": {
                                        "definition": null,
                                        "description": null,
                                        "remark": null
                                    },
                                    "name": "SIC",
                                    "rule": {
                                        "contents": {
                                            "contents": {
                                                "bitSize": 8,
                                                "rule": {
                                                    "contents": {
                                                        "contents": [],
                                                        "tag": "ContentRaw"
                                                    },
                                                    "tag": "ContextFree"
                                                }
                                            },
                                            "tag": "Element"
                                        },
                                        "tag": "ContextFree"
                                    },
                                    "title": "System Identification Code"
                                },
                                "tag": "Item"
                            }
                        ],
                        "tag": "Group"
                    },
                    "tag": "ContextFree"
                },
                "title": "Data Source Identifier"
            },
            {
                "documentation": {
                    "definition": "Identification of the destination node for the SCN data.\n",
                    "description": null,
                    "remark": "NOTE:\n    - The up-to-date list of SACs is published on the Eurocontrol\n      Web Site (http://www.eurocontrol.int).\n"
                },
                "name": "012",
                "rule": {
                    "contents": {
                        "contents": [
                            {
                                "contents": {
                                    "documentation": {
                                        "definition": null,
                                        "description": null,
                                        "remark": null
                                    },
                                    "name": "SAC",
                                    "rule": {
                                        "contents": {
                                            "contents": {
                                                "bitSize": 8,
                                                "rule": {
                                                    "contents": {
                                                        "contents": [],
                                                        "tag": "ContentRaw"
                                                    },
                                                    "tag": "ContextFree"
                                                }
                                            },
                                            "tag": "Element"
                                        },
                                        "tag": "ContextFree"
                                    },
                                    "title": "System Area Code"
                                },
                                "tag": "Item"
                            },
                            {
                                "contents": {
                                    "documentation": {
                                        "definition": null,
                                        "description": null,
                                        "remark": null
                                    },
                                    "name": "SIC",
                                    "rule": {
                                        "contents": {
                                            "contents": {
                                                "bitSize": 8,
                                                "rule": {
                                                    "contents": {
                                                        "contents": [],
                                                        "tag": "ContentRaw"
                                                    },
                                                    "tag": "ContextFree"
                                                }
                                            },
                                            "tag": "Element"
                                        },
                                        "tag": "ContextFree"
                                    },
                                    "title": "System Identification Code"
                                },
                                "tag": "Item"
                            }
                        ],
                        "tag": "Group"
                    },
                    "tag": "ContextFree"
                },
                "title": "Data Destination Identifier"
            },
            {
                "documentation": {
                    "definition": "Calculated Position in WGS-84 Coordinates.\n",
                    "description": null,
                    "remark": "NOTE:\n    - See Annex A for calculation details\n"
                },
                "name": "045",
                "rule": {
                    "contents": {
                        "contents": [
                            {
                                "contents": {
                                    "documentation": {
                                        "definition": null,
                                        "description": null,
                                        "remark": null
                                    },
                                    "name": "LAT",
                                    "rule": {
                                        "contents": {
                                            "contents": {
                                                "bitSize": 24,
                                                "rule": {
                                                    "contents": {
                                                        "contents": {
                                                            "constraints": [
                                                                {
                                                                    "contents": {
                                                                        "contents": -90,
                                                                        "tag": "NumInt"
                                                                    },
                                                                    "tag": "GreaterThanOrEqualTo"
                                                                },
                                                                {
                                                                    "contents": {
                                                                        "contents": 90,
                                                                        "tag": "NumInt"
                                                                    },
                                                                    "tag": "LessThanOrEqualTo"
                                                                }
                                                            ],
                                                            "lsb": {
                                                                "contents": {
                                                                    "denominator": {
                                                                        "contents": {
                                                                            "base": 2,
                                                                            "exponent": 25
                                                                        },
                                                                        "tag": "NumPow"
                                                                    },
                                                                    "numerator": {
                                                                        "contents": 180,
                                                                        "tag": "NumInt"
                                                                    }
                                                                },
                                                                "tag": "NumDiv"
                                                            },
                                                            "signedness": {
                                                                "contents": [],
                                                                "tag": "Signed"
                                                            },
                                                            "unit": "°"
                                                        },
                                                        "tag": "ContentQuantity"
                                                    },
                                                    "tag": "ContextFree"
                                                }
                                            },
                                            "tag": "Element"
                                        },
                                        "tag": "ContextFree"
                                    },
                                    "title": "Latitude"
                                },
                                "tag": "Item"
                            },
                            {
                                "contents": {
                                    "documentation": {
                                        "definition": null,
                                        "description": null,
                                        "remark": null
                                    },
                                    "name": "LON",
                                    "rule": {
                                        "contents": {
                                            "contents": {
                                                "bitSize": 24,
                                                "rule": {
                                                    "contents": {
                                                        "contents": {
                                                            "constraints": [
                                                                {
                                                                    "contents": {
                                                                        "contents": -180,
                                                                        "tag": "NumInt"
                                                                    },
                                                                    "tag": "GreaterThanOrEqualTo"
                                                                },
                                                                {
                                                                    "contents": {
                                                                        "contents": 180,
                                                                        "tag": "NumInt"
                                                                    },
                                                                    "tag": "LessThan"
                                                                }
                                                            ],
                                                            "lsb": {
                                                                "contents": {
                                                                    "denominator": {
                                                                        "contents": {
                                                                            "base": 2,
                                                                            "exponent": 25
                                                                        },
                                                                        "tag": "NumPow"
                                                                    },
                                                                    "numerator": {
                                                                        "contents": 180,
                                                                        "tag": "NumInt"
                                                                    }
                                                                },
                                                                "tag": "NumDiv"
                                                            },
                                                            "signedness": {
                                                                "contents": [],
                                                                "tag": "Signed"
                                                            },
                                                            "unit": "°"
                                                        },
                                                        "tag": "ContentQuantity"
                                                    },
                                                    "tag": "ContextFree"
                                                }
                                            },
                                            "tag": "Element"
                                        },
                                        "tag": "ContextFree"
                                    },
                                    "title": "Longitude"
                                },
                                "tag": "Item"
                            }
                        ],
                        "tag": "Group"
                    },
                    "tag": "ContextFree"
                },
                "title": "Calculated Position in WGS-84 Coordinates"
            },
            {
                "documentation": {
                    "definition": "Flight Level of the Aircraft\n",
                    "description": null,
                    "remark": "NOTES:\n    1. The value shall be within the range described by ICAO Annex\n       10\n    2. Bit-15 (G) is set to one when an error correction has been\n       attempted\n    3. In case of a track miss (coasted position) the flight level\n       sent will be either he predicted flight level from the\n       vertical tracking or the last measured flight level, if no\n       vertical tracking is performed. Bit 7 (FLT) of I017/240\n       (Track Status) indicates whether vertical tracking was\n       performed or not.\n"
                },
                "name": "050",
                "rule": {
                    "contents": {
                        "contents": [
                            {
                                "contents": {
                                    "documentation": {
                                        "definition": null,
                                        "description": null,
                                        "remark": null
                                    },
                                    "name": "V",
                                    "rule": {
                                        "contents": {
                                            "contents": {
                                                "bitSize": 1,
                                                "rule": {
                                                    "contents": {
                                                        "contents": [
                                                            [
                                                                0,
                                                                "Code validated"
                                                            ],
                                                            [
                                                                1,
                                                                "Code not validated"
                                                            ]
                                                        ],
                                                        "tag": "ContentTable"
                                                    },
                                                    "tag": "ContextFree"
                                                }
                                            },
                                            "tag": "Element"
                                        },
                                        "tag": "ContextFree"
                                    },
                                    "title": ""
                                },
                                "tag": "Item"
                            },
                            {
                                "contents": {
                                    "documentation": {
                                        "definition": null,
                                        "description": null,
                                        "remark": null
                                    },
                                    "name": "G",
                                    "rule": {
                                        "contents": {
                                            "contents": {
                                                "bitSize": 1,
                                                "rule": {
                                                    "contents": {
                                                        "contents": [
                                                            [
                                                                0,
                                                                "Default"
                                                            ],
                                                            [
                                                                1,
                                                                "Garbled code / Error correction applied"
                                                            ]
                                                        ],
                                                        "tag": "ContentTable"
                                                    },
                                                    "tag": "ContextFree"
                                                }
                                            },
                                            "tag": "Element"
                                        },
                                        "tag": "ContextFree"
                                    },
                                    "title": ""
                                },
                                "tag": "Item"
                            },
                            {
                                "contents": {
                                    "documentation": {
                                        "definition": null,
                                        "description": null,
                                        "remark": null
                                    },
                                    "name": "ALT",
                                    "rule": {
                                        "contents": {
                                            "contents": {
                                                "bitSize": 14,
                                                "rule": {
                                                    "contents": {
                                                        "contents": {
                                                            "constraints": [],
                                                            "lsb": {
                                                                "contents": {
                                                                    "denominator": {
                                                                        "contents": {
                                                                            "base": 2,
                                                                            "exponent": 2
                                                                        },
                                                                        "tag": "NumPow"
                                                                    },
                                                                    "numerator": {
                                                                        "contents": 1,
                                                                        "tag": "NumInt"
                                                                    }
                                                                },
                                                                "tag": "NumDiv"
                                                            },
                                                            "signedness": {
                                                                "contents": [],
                                                                "tag": "Unsigned"
                                                            },
                                                            "unit": "FL"
                                                        },
                                                        "tag": "ContentQuantity"
                                                    },
                                                    "tag": "ContextFree"
                                                }
                                            },
                                            "tag": "Element"
                                        },
                                        "tag": "ContextFree"
                                    },
                                    "title": "Altitude"
                                },
                                "tag": "Item"
                            }
                        ],
                        "tag": "Group"
                    },
                    "tag": "ContextFree"
                },
                "title": "Flight Level in Binary Representation"
            },
            {
                "documentation": {
                    "definition": "Mode 3/A code converted into octal representation.\n",
                    "description": null,
                    "remark": "NOTES:\n    1. Bit 15 is set to one when an error correction has been\n       attempted\n    2. The data could be used to correlate tracks with non unique\n       Mode S addresses\n"
                },
                "name": "070",
                "rule": {
                    "contents": {
                        "contents": [
                            {
                                "contents": {
                                    "documentation": {
                                        "definition": null,
                                        "description": null,
                                        "remark": null
                                    },
                                    "name": "V",
                                    "rule": {
                                        "contents": {
                                            "contents": {
                                                "bitSize": 1,
                                                "rule": {
                                                    "contents": {
                                                        "contents": [
                                                            [
                                                                0,
                                                                "Code validated"
                                                            ],
                                                            [
                                                                1,
                                                                "Code not validated"
                                                            ]
                                                        ],
                                                        "tag": "ContentTable"
                                                    },
                                                    "tag": "ContextFree"
                                                }
                                            },
                                            "tag": "Element"
                                        },
                                        "tag": "ContextFree"
                                    },
                                    "title": ""
                                },
                                "tag": "Item"
                            },
                            {
                                "contents": {
                                    "documentation": {
                                        "definition": null,
                                        "description": null,
                                        "remark": null
                                    },
                                    "name": "G",
                                    "rule": {
                                        "contents": {
                                            "contents": {
                                                "bitSize": 1,
                                                "rule": {
                                                    "contents": {
                                                        "contents": [
                                                            [
                                                                0,
                                                                "Default"
                                                            ],
                                                            [
                                                                1,
                                                                "Garbled code"
                                                            ]
                                                        ],
                                                        "tag": "ContentTable"
                                                    },
                                                    "tag": "ContextFree"
                                                }
                                            },
                                            "tag": "Element"
                                        },
                                        "tag": "ContextFree"
                                    },
                                    "title": ""
                                },
                                "tag": "Item"
                            },
                            {
                                "contents": {
                                    "documentation": {
                                        "definition": null,
                                        "description": null,
                                        "remark": null
                                    },
                                    "name": "L",
                                    "rule": {
                                        "contents": {
                                            "contents": {
                                                "bitSize": 1,
                                                "rule": {
                                                    "contents": {
                                                        "contents": [
                                                            [
                                                                0,
                                                                "Mode-3/A code derived from the reply of the transponder"
                                                            ],
                                                            [
                                                                1,
                                                                "Smoothed Mode-3/A code not extracted during the last scan"
                                                            ]
                                                        ],
                                                        "tag": "ContentTable"
                                                    },
                                                    "tag": "ContextFree"
                                                }
                                            },
                                            "tag": "Element"
                                        },
                                        "tag": "ContextFree"
                                    },
                                    "title": ""
                                },
                                "tag": "Item"
                            },
                            {
                                "contents": 1,
                                "tag": "Spare"
                            },
                            {
                                "contents": {
                                    "documentation": {
                                        "definition": null,
                                        "description": null,
                                        "remark": null
                                    },
                                    "name": "MODE3A",
                                    "rule": {
                                        "contents": {
                                            "contents": {
                                                "bitSize": 12,
                                                "rule": {
                                                    "contents": {
                                                        "contents": {
                                                            "contents": [],
                                                            "tag": "StringOctal"
                                                        },
                                                        "tag": "ContentString"
                                                    },
                                                    "tag": "ContextFree"
                                                }
                                            },
                                            "tag": "Element"
                                        },
                                        "tag": "ContextFree"
                                    },
                                    "title": "Mode 3/A Reply in Octal Representation"
                                },
                                "tag": "Item"
                            }
                        ],
                        "tag": "Group"
                    },
                    "tag": "ContextFree"
                },
                "title": "Mode 3/A Code in Octal Representation"
            },
            {
                "documentation": {
                    "definition": "Absolute time stamping expressed as Coordinated Universal Time\n(UTC) time.\n",
                    "description": null,
                    "remark": "NOTE:\n    - The time of day is reset to zero each day at midnight\n"
                },
                "name": "140",
                "rule": {
                    "contents": {
                        "contents": {
                            "bitSize": 24,
                            "rule": {
                                "contents": {
                                    "contents": {
                                        "constraints": [
                                            {
                                                "contents": {
                                                    "contents": 86400,
                                                    "tag": "NumInt"
                                                },
                                                "tag": "LessThan"
                                            }
                                        ],
                                        "lsb": {
                                            "contents": {
                                                "denominator": {
                                                    "contents": {
                                                        "base": 2,
                                                        "exponent": 7
                                                    },
                                                    "tag": "NumPow"
                                                },
                                                "numerator": {
                                                    "contents": 1,
                                                    "tag": "NumInt"
                                                }
                                            },
                                            "tag": "NumDiv"
                                        },
                                        "signedness": {
                                            "contents": [],
                                            "tag": "Unsigned"
                                        },
                                        "unit": "s"
                                    },
                                    "tag": "ContentQuantity"
                                },
                                "tag": "ContextFree"
                            }
                        },
                        "tag": "Element"
                    },
                    "tag": "ContextFree"
                },
                "title": "Time of Day"
            },
            {
                "documentation": {
                    "definition": "Calculated track velocity expressed in polar co-ordinates. The\nheading is the heading with respect to the geographical north at\nthe aircraft position. For clarification see annex A, paragraph5.\n",
                    "description": null,
                    "remark": null
                },
                "name": "200",
                "rule": {
                    "contents": {
                        "contents": [
                            {
                                "contents": {
                                    "documentation": {
                                        "definition": null,
                                        "description": null,
                                        "remark": null
                                    },
                                    "name": "GSP",
                                    "rule": {
                                        "contents": {
                                            "contents": {
                                                "bitSize": 16,
                                                "rule": {
                                                    "contents": {
                                                        "contents": {
                                                            "constraints": [],
                                                            "lsb": {
                                                                "contents": {
                                                                    "denominator": {
                                                                        "contents": {
                                                                            "base": 2,
                                                                            "exponent": 14
                                                                        },
                                                                        "tag": "NumPow"
                                                                    },
                                                                    "numerator": {
                                                                        "contents": 1,
                                                                        "tag": "NumInt"
                                                                    }
                                                                },
                                                                "tag": "NumDiv"
                                                            },
                                                            "signedness": {
                                                                "contents": [],
                                                                "tag": "Unsigned"
                                                            },
                                                            "unit": "NM/s"
                                                        },
                                                        "tag": "ContentQuantity"
                                                    },
                                                    "tag": "ContextFree"
                                                }
                                            },
                                            "tag": "Element"
                                        },
                                        "tag": "ContextFree"
                                    },
                                    "title": "Calculated Groundspeed"
                                },
                                "tag": "Item"
                            },
                            {
                                "contents": {
                                    "documentation": {
                                        "definition": null,
                                        "description": null,
                                        "remark": null
                                    },
                                    "name": "HDG",
                                    "rule": {
                                        "contents": {
                                            "contents": {
                                                "bitSize": 16,
                                                "rule": {
                                                    "contents": {
                                                        "contents": {
                                                            "constraints": [],
                                                            "lsb": {
                                                                "contents": {
                                                                    "denominator": {
                                                                        "contents": {
                                                                            "base": 2,
                                                                            "exponent": 16
                                                                        },
                                                                        "tag": "NumPow"
                                                                    },
                                                                    "numerator": {
                                                                        "contents": 360,
                                                                        "tag": "NumInt"
                                                                    }
                                                                },
                                                                "tag": "NumDiv"
                                                            },
                                                            "signedness": {
                                                                "contents": [],
                                                                "tag": "Unsigned"
                                                            },
                                                            "unit": "°"
                                                        },
                                                        "tag": "ContentQuantity"
                                                    },
                                                    "tag": "ContextFree"
                                                }
                                            },
                                            "tag": "Element"
                                        },
                                        "tag": "ContextFree"
                                    },
                                    "title": "Calculated Heading"
                                },
                                "tag": "Item"
                            }
                        ],
                        "tag": "Group"
                    },
                    "tag": "ContextFree"
                },
                "title": "Track Velocity in Polar Co-ordinates"
            },
            {
                "documentation": {
                    "definition": "Repetitive Data Item starting with a one-octet Repetition Factor\nfollowed by at least one Mode S Address of 3-octets length.\n",
                    "description": null,
                    "remark": "NOTE:\n    - This data item shall be sent even if there is no Mode S\n      Address. In this case it is reduced in length to one octet\n      only (REP =0) with all bits set to zero.\n"
                },
                "name": "210",
                "rule": {
                    "contents": {
                        "contents": {
                            "type": {
                                "contents": {
                                    "byteSize": 1
                                },
                                "tag": "RepetitiveRegular"
                            },
                            "variation": {
                                "contents": {
                                    "bitSize": 24,
                                    "rule": {
                                        "contents": {
                                            "contents": [],
                                            "tag": "ContentRaw"
                                        },
                                        "tag": "ContextFree"
                                    }
                                },
                                "tag": "Element"
                            }
                        },
                        "tag": "Repetitive"
                    },
                    "tag": "ContextFree"
                },
                "title": "Mode S Address List"
            },
            {
                "documentation": {
                    "definition": "Aircraft address (24-bits Mode S address) assigned uniquely to\neach aircraft.\n",
                    "description": null,
                    "remark": null
                },
                "name": "220",
                "rule": {
                    "contents": {
                        "contents": {
                            "bitSize": 24,
                            "rule": {
                                "contents": {
                                    "contents": [],
                                    "tag": "ContentRaw"
                                },
                                "tag": "ContextFree"
                            }
                        },
                        "tag": "Element"
                    },
                    "tag": "ContextFree"
                },
                "title": "Aircraft Address"
            },
            {
                "documentation": {
                    "definition": "A number uniquely identifying the aircraft in case the Mode-S\nAddress is not unique.\n",
                    "description": null,
                    "remark": "NOTE:\n    1. The DRN shall be added to the Track Data message, if the\n       radar node, which is sending the Track Data messages,\n       detects two or more aircraft with the same mode-S address\n       in its coverage. How the numbers are generated is determined\n       by the sending station.\n    2. The radar node receiving the Track Data Messages containing\n       a DRN shall add this DRN in the corresponding ”Cancellation\n       of Track Data” message.\n    3. The DRN is used to associate the ”Cancellation of Track\n       Data” message with the corresponding ”Track Data” messages.\n    4. The cluster controller node will not use the DRN in the\n       track data message, because there is no cancellation.\n"
                },
                "name": "221",
                "rule": {
                    "contents": {
                        "contents": {
                            "bitSize": 16,
                            "rule": {
                                "contents": {
                                    "contents": [],
                                    "tag": "ContentRaw"
                                },
                                "tag": "ContextFree"
                            }
                        },
                        "tag": "Element"
                    },
                    "tag": "ContextFree"
                },
                "title": "Duplicate Address Reference Number (DRN)"
            },
            {
                "documentation": {
                    "definition": "Communications capability of the transponder received in the\nAll-Call reply when the aircraft is initially acquired.\n",
                    "description": null,
                    "remark": null
                },
                "name": "230",
                "rule": {
                    "contents": {
                        "contents": [
                            {
                                "contents": {
                                    "documentation": {
                                        "definition": null,
                                        "description": null,
                                        "remark": null
                                    },
                                    "name": "CA",
                                    "rule": {
                                        "contents": {
                                            "contents": {
                                                "bitSize": 3,
                                                "rule": {
                                                    "contents": {
                                                        "contents": [
                                                            [
                                                                0,
                                                                "No communications capability (surveillance only), no ability to set CA code 7 either airborne or on the ground"
                                                            ],
                                                            [
                                                                1,
                                                                "Reserved"
                                                            ],
                                                            [
                                                                2,
                                                                "Reserved"
                                                            ],
                                                            [
                                                                3,
                                                                "Reserved"
                                                            ],
                                                            [
                                                                4,
                                                                "At Least Comm. A and Comm. B capability and the ability to set CA code 7 and on the ground"
                                                            ],
                                                            [
                                                                5,
                                                                "At Least Comm. A and Comm. B capability and the ability to set CA code 7 and airborne"
                                                            ],
                                                            [
                                                                6,
                                                                "At Least Comm. A and Comm. B capability and the ability to set CA code 7 and either airborne or on the ground"
                                                            ],
                                                            [
                                                                7,
                                                                "Signifies the DR field is not equal to 0 or the FS field equals 2, 3, 4 or 5 and either airborne or on the ground SI/II-capabilities of the Transponder"
                                                            ]
                                                        ],
                                                        "tag": "ContentTable"
                                                    },
                                                    "tag": "ContextFree"
                                                }
                                            },
                                            "tag": "Element"
                                        },
                                        "tag": "ContextFree"
                                    },
                                    "title": "Communications Capability of the Transponder"
                                },
                                "tag": "Item"
                            },
                            {
                                "contents": {
                                    "documentation": {
                                        "definition": null,
                                        "description": null,
                                        "remark": null
                                    },
                                    "name": "SI",
                                    "rule": {
                                        "contents": {
                                            "contents": {
                                                "bitSize": 1,
                                                "rule": {
                                                    "contents": {
                                                        "contents": [
                                                            [
                                                                0,
                                                                "Transponder SI capable"
                                                            ],
                                                            [
                                                                1,
                                                                "Transponder not SI capable"
                                                            ]
                                                        ],
                                                        "tag": "ContentTable"
                                                    },
                                                    "tag": "ContextFree"
                                                }
                                            },
                                            "tag": "Element"
                                        },
                                        "tag": "ContextFree"
                                    },
                                    "title": "SI/II-capabilities of the Transponder"
                                },
                                "tag": "Item"
                            },
                            {
                                "contents": 4,
                                "tag": "Spare"
                            }
                        ],
                        "tag": "Group"
                    },
                    "tag": "ContextFree"
                },
                "title": "Transponder Capability"
            },
            {
                "documentation": {
                    "definition": "Status of the track position\n",
                    "description": null,
                    "remark": "NOTE:\n    - This item shall not be sent when CST and FLT equal zero.\n"
                },
                "name": "240",
                "rule": {
                    "contents": {
                        "contents": [
                            {
                                "contents": {
                                    "documentation": {
                                        "definition": null,
                                        "description": null,
                                        "remark": null
                                    },
                                    "name": "CST",
                                    "rule": {
                                        "contents": {
                                            "contents": {
                                                "bitSize": 1,
                                                "rule": {
                                                    "contents": {
                                                        "contents": [
                                                            [
                                                                0,
                                                                "Measured position"
                                                            ],
                                                            [
                                                                1,
                                                                "No measured position (coasted)"
                                                            ]
                                                        ],
                                                        "tag": "ContentTable"
                                                    },
                                                    "tag": "ContextFree"
                                                }
                                            },
                                            "tag": "Element"
                                        },
                                        "tag": "ContextFree"
                                    },
                                    "title": "Track Coasted"
                                },
                                "tag": "Item"
                            },
                            {
                                "contents": {
                                    "documentation": {
                                        "definition": null,
                                        "description": null,
                                        "remark": null
                                    },
                                    "name": "FLT",
                                    "rule": {
                                        "contents": {
                                            "contents": {
                                                "bitSize": 1,
                                                "rule": {
                                                    "contents": {
                                                        "contents": [
                                                            [
                                                                0,
                                                                "Last Measured Flight Level"
                                                            ],
                                                            [
                                                                1,
                                                                "Predicted Flight Level"
                                                            ]
                                                        ],
                                                        "tag": "ContentTable"
                                                    },
                                                    "tag": "ContextFree"
                                                }
                                            },
                                            "tag": "Element"
                                        },
                                        "tag": "ContextFree"
                                    },
                                    "title": "Flight Level Tracking"
                                },
                                "tag": "Item"
                            },
                            {
                                "contents": 6,
                                "tag": "Spare"
                            }
                        ],
                        "tag": "Group"
                    },
                    "tag": "ContextFree"
                },
                "title": "Track Status"
            },
            {
                "documentation": {
                    "definition": "List of stations/nodes stored in the known network topology\nmaintained by NMP. The topology to be reported is as defined\nin the SCN ICD.\n",
                    "description": null,
                    "remark": "NOTE:\n    - The up-to-date list of SACs is published on the Eurocontrol\n      Web Site (http://www.eurocontrol.int).\n"
                },
                "name": "350",
                "rule": {
                    "contents": {
                        "contents": {
                            "type": {
                                "contents": {
                                    "byteSize": 1
                                },
                                "tag": "RepetitiveRegular"
                            },
                            "variation": {
                                "contents": [
                                    {
                                        "contents": {
                                            "documentation": {
                                                "definition": null,
                                                "description": null,
                                                "remark": null
                                            },
                                            "name": "SAC",
                                            "rule": {
                                                "contents": {
                                                    "contents": {
                                                        "bitSize": 8,
                                                        "rule": {
                                                            "contents": {
                                                                "contents": [],
                                                                "tag": "ContentRaw"
                                                            },
                                                            "tag": "ContextFree"
                                                        }
                                                    },
                                                    "tag": "Element"
                                                },
                                                "tag": "ContextFree"
                                            },
                                            "title": "System Area Code"
                                        },
                                        "tag": "Item"
                                    },
                                    {
                                        "contents": {
                                            "documentation": {
                                                "definition": null,
                                                "description": null,
                                                "remark": null
                                            },
                                            "name": "SIC",
                                            "rule": {
                                                "contents": {
                                                    "contents": {
                                                        "bitSize": 8,
                                                        "rule": {
                                                            "contents": {
                                                                "contents": [],
                                                                "tag": "ContentRaw"
                                                            },
                                                            "tag": "ContextFree"
                                                        }
                                                    },
                                                    "tag": "Element"
                                                },
                                                "tag": "ContextFree"
                                            },
                                            "title": "System Identification Code"
                                        },
                                        "tag": "Item"
                                    }
                                ],
                                "tag": "Group"
                            }
                        },
                        "tag": "Repetitive"
                    },
                    "tag": "ContextFree"
                },
                "title": "Cluster Station/Node List"
            },
            {
                "documentation": {
                    "definition": "Defines the current mode and state in which a cluster station,\nthe radar node taking part in the cluster, should be operating.\n",
                    "description": null,
                    "remark": "NOTE:\n    - The Cluster Controller will use this field to select the\n      state in which a cluster station should be operating and\n      the cluster station will use this field to indicate to the\n      cluster controller the adopted state.\n"
                },
                "name": "360",
                "rule": {
                    "contents": {
                        "contents": {
                            "bitSize": 8,
                            "rule": {
                                "contents": {
                                    "contents": [],
                                    "tag": "ContentRaw"
                                },
                                "tag": "ContextFree"
                            }
                        },
                        "tag": "Element"
                    },
                    "tag": "ContextFree"
                },
                "title": "Cluster Controller Command State"
            },
            {
                "documentation": {
                    "definition": "Special Purpose Field\n",
                    "description": null,
                    "remark": null
                },
                "name": "SP",
                "rule": {
                    "contents": {
                        "contents": {
                            "contents": [],
                            "tag": "SpecialPurpose"
                        },
                        "tag": "Explicit"
                    },
                    "tag": "ContextFree"
                },
                "title": "Special Purpose Field"
            }
        ],
        "category": 17,
        "date": {
            "day": 1,
            "month": 1,
            "year": 2009
        },
        "edition": {
            "major": 1,
            "minor": 3
        },
        "preamble": "Surveillance data exchange.\n",
        "title": "Mode S Surveillance Coordination Function Messages",
        "uap": {
            "contents": [
                {
                    "contents": "010",
                    "tag": "UapItem"
                },
                {
                    "contents": "012",
                    "tag": "UapItem"
                },
                {
                    "contents": "000",
                    "tag": "UapItem"
                },
                {
                    "contents": "350",
                    "tag": "UapItem"
                },
                {
                    "contents": "220",
                    "tag": "UapItem"
                },
                {
                    "contents": "221",
                    "tag": "UapItem"
                },
                {
                    "contents": "140",
                    "tag": "UapItem"
                },
                {
                    "contents": "045",
                    "tag": "UapItem"
                },
                {
                    "contents": "070",
                    "tag": "UapItem"
                },
                {
                    "contents": "050",
                    "tag": "UapItem"
                },
                {
                    "contents": "200",
                    "tag": "UapItem"
                },
                {
                    "contents": "230",
                    "tag": "UapItem"
                },
                {
                    "contents": "240",
                    "tag": "UapItem"
                },
                {
                    "contents": "210",
                    "tag": "UapItem"
                },
                {
                    "contents": "360",
                    "tag": "UapItem"
                },
                {
                    "contents": [],
                    "tag": "UapItemSpare"
                },
                {
                    "contents": [],
                    "tag": "UapItemSpare"
                },
                {
                    "contents": [],
                    "tag": "UapItemSpare"
                },
                {
                    "contents": [],
                    "tag": "UapItemSpare"
                },
                {
                    "contents": [],
                    "tag": "UapItemSpare"
                },
                {
                    "contents": "SP",
                    "tag": "UapItem"
                }
            ],
            "tag": "Uap"
        }
    },
    "tag": "AsterixBasic"
}