{
    "contents": {
        "catalogue": [
            {
                "documentation": {
                    "definition": "This Data Item allows for a more convenient handling of the\nreports at the receiver side by further defining the type of\ntransaction.\n",
                    "description": null,
                    "remark": "NOTES:\n    1. In applications where transactions of various types are exchanged, the\n       Report Type Data Item facilitates the proper report handling at the\n       receiver side.\n    2. All Report Type values are reserved for common standard use.\n"
                },
                "name": "000",
                "rule": {
                    "contents": {
                        "contents": {
                            "bitSize": 8,
                            "rule": {
                                "contents": {
                                    "contents": [
                                        [
                                            1,
                                            "Ground station status report"
                                        ],
                                        [
                                            2,
                                            "Service status report"
                                        ],
                                        [
                                            3,
                                            "Service statistics report"
                                        ]
                                    ],
                                    "tag": "ContentTable"
                                },
                                "tag": "ContextFree"
                            }
                        },
                        "tag": "Element"
                    },
                    "tag": "ContextFree"
                },
                "title": "Report Type"
            },
            {
                "documentation": {
                    "definition": "Identification of the Ground Station from which the data is received.\n",
                    "description": null,
                    "remark": "Note:\n    - The up-to-date list of SACs is published on the\n      EUROCONTROL Web Site (http://www.eurocontrol.int/asterix).\n"
                },
                "name": "010",
                "rule": {
                    "contents": {
                        "contents": [
                            {
                                "contents": {
                                    "documentation": {
                                        "definition": null,
                                        "description": null,
                                        "remark": null
                                    },
                                    "name": "SAC",
                                    "rule": {
                                        "contents": {
                                            "contents": {
                                                "bitSize": 8,
                                                "rule": {
                                                    "contents": {
                                                        "contents": [],
                                                        "tag": "ContentRaw"
                                                    },
                                                    "tag": "ContextFree"
                                                }
                                            },
                                            "tag": "Element"
                                        },
                                        "tag": "ContextFree"
                                    },
                                    "title": "System Area Code"
                                },
                                "tag": "Item"
                            },
                            {
                                "contents": {
                                    "documentation": {
                                        "definition": null,
                                        "description": null,
                                        "remark": null
                                    },
                                    "name": "SIC",
                                    "rule": {
                                        "contents": {
                                            "contents": {
                                                "bitSize": 8,
                                                "rule": {
                                                    "contents": {
                                                        "contents": [],
                                                        "tag": "ContentRaw"
                                                    },
                                                    "tag": "ContextFree"
                                                }
                                            },
                                            "tag": "Element"
                                        },
                                        "tag": "ContextFree"
                                    },
                                    "title": "System Identification Code"
                                },
                                "tag": "Item"
                            }
                        ],
                        "tag": "Group"
                    },
                    "tag": "ContextFree"
                },
                "title": "Data Source Identifier"
            },
            {
                "documentation": {
                    "definition": "Identifies the type of service being reported.\n",
                    "description": null,
                    "remark": "Note:\n    - The service identification is allocated by the system.\n    - The service identification is also available in item I021/015.\n"
                },
                "name": "015",
                "rule": {
                    "contents": {
                        "contents": [
                            {
                                "contents": {
                                    "documentation": {
                                        "definition": null,
                                        "description": null,
                                        "remark": null
                                    },
                                    "name": "SID",
                                    "rule": {
                                        "contents": {
                                            "contents": {
                                                "bitSize": 4,
                                                "rule": {
                                                    "contents": {
                                                        "contents": [],
                                                        "tag": "ContentRaw"
                                                    },
                                                    "tag": "ContextFree"
                                                }
                                            },
                                            "tag": "Element"
                                        },
                                        "tag": "ContextFree"
                                    },
                                    "title": "Service Identification"
                                },
                                "tag": "Item"
                            },
                            {
                                "contents": {
                                    "documentation": {
                                        "definition": null,
                                        "description": null,
                                        "remark": null
                                    },
                                    "name": "STYP",
                                    "rule": {
                                        "contents": {
                                            "contents": {
                                                "bitSize": 4,
                                                "rule": {
                                                    "contents": {
                                                        "contents": [
                                                            [
                                                                1,
                                                                "ADS-B VDL4"
                                                            ],
                                                            [
                                                                2,
                                                                "ADS-B Ext Squitter"
                                                            ],
                                                            [
                                                                3,
                                                                "ADS-B UAT"
                                                            ],
                                                            [
                                                                4,
                                                                "TIS-B VDL4"
                                                            ],
                                                            [
                                                                5,
                                                                "TIS-B Ext Squitter"
                                                            ],
                                                            [
                                                                6,
                                                                "TIS-B UAT"
                                                            ],
                                                            [
                                                                7,
                                                                "FIS-B VDL4"
                                                            ],
                                                            [
                                                                8,
                                                                "GRAS VDL4"
                                                            ],
                                                            [
                                                                9,
                                                                "MLT"
                                                            ]
                                                        ],
                                                        "tag": "ContentTable"
                                                    },
                                                    "tag": "ContextFree"
                                                }
                                            },
                                            "tag": "Element"
                                        },
                                        "tag": "ContextFree"
                                    },
                                    "title": "Type of Service"
                                },
                                "tag": "Item"
                            }
                        ],
                        "tag": "Group"
                    },
                    "tag": "ContextFree"
                },
                "title": "Service Type and Identification"
            },
            {
                "documentation": {
                    "definition": "Absolute time stamping expressed as UTC time.\n",
                    "description": null,
                    "remark": "Notes:\n\n    1. The time of day value is reset to zero each day at midnight.\n"
                },
                "name": "070",
                "rule": {
                    "contents": {
                        "contents": {
                            "bitSize": 24,
                            "rule": {
                                "contents": {
                                    "contents": {
                                        "constraints": [],
                                        "lsb": {
                                            "contents": {
                                                "denominator": {
                                                    "contents": {
                                                        "base": 2,
                                                        "exponent": 7
                                                    },
                                                    "tag": "NumPow"
                                                },
                                                "numerator": {
                                                    "contents": 1,
                                                    "tag": "NumInt"
                                                }
                                            },
                                            "tag": "NumDiv"
                                        },
                                        "signedness": {
                                            "contents": [],
                                            "tag": "Unsigned"
                                        },
                                        "unit": "s"
                                    },
                                    "tag": "ContentQuantity"
                                },
                                "tag": "ContextFree"
                            }
                        },
                        "tag": "Element"
                    },
                    "tag": "ContextFree"
                },
                "title": "Time of Day"
            },
            {
                "documentation": {
                    "definition": "Information concerning the status of a Ground Station.\n",
                    "description": null,
                    "remark": "Notes:\n\n    1. A time source is considered as valid when either externally\n       synchronised or running on a local oscillator within the\n       required accuracy of UTC.\n    2. Bit 8 (NOGO), when set to “1” indicates that the data transmitted\n       by the GS is not released for operational use.\n    3. Bit 2 indicates that the allocation of Track-IDs (Item I021/161)\n       was re-started.\n"
                },
                "name": "100",
                "rule": {
                    "contents": {
                        "contents": [
                            {
                                "contents": {
                                    "documentation": {
                                        "definition": null,
                                        "description": null,
                                        "remark": null
                                    },
                                    "name": "NOGO",
                                    "rule": {
                                        "contents": {
                                            "contents": {
                                                "bitSize": 1,
                                                "rule": {
                                                    "contents": {
                                                        "contents": [
                                                            [
                                                                0,
                                                                "Data is released for operational use"
                                                            ],
                                                            [
                                                                1,
                                                                "Data must not be used operationally"
                                                            ]
                                                        ],
                                                        "tag": "ContentTable"
                                                    },
                                                    "tag": "ContextFree"
                                                }
                                            },
                                            "tag": "Element"
                                        },
                                        "tag": "ContextFree"
                                    },
                                    "title": "Operational Release Status of the Data"
                                },
                                "tag": "Item"
                            },
                            {
                                "contents": {
                                    "documentation": {
                                        "definition": null,
                                        "description": null,
                                        "remark": null
                                    },
                                    "name": "ODP",
                                    "rule": {
                                        "contents": {
                                            "contents": {
                                                "bitSize": 1,
                                                "rule": {
                                                    "contents": {
                                                        "contents": [
                                                            [
                                                                0,
                                                                "Default, no overload"
                                                            ],
                                                            [
                                                                1,
                                                                "Overload in DP"
                                                            ]
                                                        ],
                                                        "tag": "ContentTable"
                                                    },
                                                    "tag": "ContextFree"
                                                }
                                            },
                                            "tag": "Element"
                                        },
                                        "tag": "ContextFree"
                                    },
                                    "title": "Data Processor Overload Indicator"
                                },
                                "tag": "Item"
                            },
                            {
                                "contents": {
                                    "documentation": {
                                        "definition": null,
                                        "description": null,
                                        "remark": null
                                    },
                                    "name": "OXT",
                                    "rule": {
                                        "contents": {
                                            "contents": {
                                                "bitSize": 1,
                                                "rule": {
                                                    "contents": {
                                                        "contents": [
                                                            [
                                                                0,
                                                                "Default, no overload"
                                                            ],
                                                            [
                                                                1,
                                                                "Overload in transmission subsystem"
                                                            ]
                                                        ],
                                                        "tag": "ContentTable"
                                                    },
                                                    "tag": "ContextFree"
                                                }
                                            },
                                            "tag": "Element"
                                        },
                                        "tag": "ContextFree"
                                    },
                                    "title": "Ground Interface Data Communications Overload"
                                },
                                "tag": "Item"
                            },
                            {
                                "contents": {
                                    "documentation": {
                                        "definition": null,
                                        "description": null,
                                        "remark": null
                                    },
                                    "name": "MSC",
                                    "rule": {
                                        "contents": {
                                            "contents": {
                                                "bitSize": 1,
                                                "rule": {
                                                    "contents": {
                                                        "contents": [
                                                            [
                                                                0,
                                                                "Monitoring system not connected or unknown"
                                                            ],
                                                            [
                                                                1,
                                                                "Monitoring system connected"
                                                            ]
                                                        ],
                                                        "tag": "ContentTable"
                                                    },
                                                    "tag": "ContextFree"
                                                }
                                            },
                                            "tag": "Element"
                                        },
                                        "tag": "ContextFree"
                                    },
                                    "title": "Monitoring System Connected Status"
                                },
                                "tag": "Item"
                            },
                            {
                                "contents": {
                                    "documentation": {
                                        "definition": null,
                                        "description": null,
                                        "remark": null
                                    },
                                    "name": "TSV",
                                    "rule": {
                                        "contents": {
                                            "contents": {
                                                "bitSize": 1,
                                                "rule": {
                                                    "contents": {
                                                        "contents": [
                                                            [
                                                                0,
                                                                "Valid"
                                                            ],
                                                            [
                                                                1,
                                                                "Invalid"
                                                            ]
                                                        ],
                                                        "tag": "ContentTable"
                                                    },
                                                    "tag": "ContextFree"
                                                }
                                            },
                                            "tag": "Element"
                                        },
                                        "tag": "ContextFree"
                                    },
                                    "title": "Time Source Validity"
                                },
                                "tag": "Item"
                            },
                            {
                                "contents": {
                                    "documentation": {
                                        "definition": null,
                                        "description": null,
                                        "remark": null
                                    },
                                    "name": "SPO",
                                    "rule": {
                                        "contents": {
                                            "contents": {
                                                "bitSize": 1,
                                                "rule": {
                                                    "contents": {
                                                        "contents": [
                                                            [
                                                                0,
                                                                "No spoofing detected"
                                                            ],
                                                            [
                                                                1,
                                                                "Potential spoofing attack"
                                                            ]
                                                        ],
                                                        "tag": "ContentTable"
                                                    },
                                                    "tag": "ContextFree"
                                                }
                                            },
                                            "tag": "Element"
                                        },
                                        "tag": "ContextFree"
                                    },
                                    "title": "Indication of Spoofing Attack"
                                },
                                "tag": "Item"
                            },
                            {
                                "contents": {
                                    "documentation": {
                                        "definition": null,
                                        "description": null,
                                        "remark": null
                                    },
                                    "name": "RN",
                                    "rule": {
                                        "contents": {
                                            "contents": {
                                                "bitSize": 1,
                                                "rule": {
                                                    "contents": {
                                                        "contents": [
                                                            [
                                                                0,
                                                                "Default"
                                                            ],
                                                            [
                                                                1,
                                                                "Track numbering has restarted"
                                                            ]
                                                        ],
                                                        "tag": "ContentTable"
                                                    },
                                                    "tag": "ContextFree"
                                                }
                                            },
                                            "tag": "Element"
                                        },
                                        "tag": "ContextFree"
                                    },
                                    "title": "Renumbering Indication for Track ID"
                                },
                                "tag": "Item"
                            },
                            null,
                            {
                                "contents": {
                                    "documentation": {
                                        "definition": null,
                                        "description": null,
                                        "remark": null
                                    },
                                    "name": "GSSP",
                                    "rule": {
                                        "contents": {
                                            "contents": {
                                                "bitSize": 7,
                                                "rule": {
                                                    "contents": {
                                                        "contents": {
                                                            "constraints": [
                                                                {
                                                                    "contents": {
                                                                        "contents": 1,
                                                                        "tag": "NumInt"
                                                                    },
                                                                    "tag": "GreaterThanOrEqualTo"
                                                                },
                                                                {
                                                                    "contents": {
                                                                        "contents": 127,
                                                                        "tag": "NumInt"
                                                                    },
                                                                    "tag": "LessThanOrEqualTo"
                                                                }
                                                            ],
                                                            "lsb": {
                                                                "contents": 1,
                                                                "tag": "NumInt"
                                                            },
                                                            "signedness": {
                                                                "contents": [],
                                                                "tag": "Unsigned"
                                                            },
                                                            "unit": "s"
                                                        },
                                                        "tag": "ContentQuantity"
                                                    },
                                                    "tag": "ContextFree"
                                                }
                                            },
                                            "tag": "Element"
                                        },
                                        "tag": "ContextFree"
                                    },
                                    "title": "Ground Station Status Reporting Period"
                                },
                                "tag": "Item"
                            },
                            null
                        ],
                        "tag": "Extended"
                    },
                    "tag": "ContextFree"
                },
                "title": "Ground Station Status"
            },
            {
                "documentation": {
                    "definition": "Information concerning the configuration of a Service.\n",
                    "description": null,
                    "remark": null
                },
                "name": "101",
                "rule": {
                    "contents": {
                        "contents": [
                            {
                                "contents": {
                                    "documentation": {
                                        "definition": null,
                                        "description": null,
                                        "remark": null
                                    },
                                    "name": "RP",
                                    "rule": {
                                        "contents": {
                                            "contents": {
                                                "bitSize": 8,
                                                "rule": {
                                                    "contents": {
                                                        "contents": {
                                                            "constraints": [],
                                                            "lsb": {
                                                                "contents": {
                                                                    "denominator": {
                                                                        "contents": 2,
                                                                        "tag": "NumInt"
                                                                    },
                                                                    "numerator": {
                                                                        "contents": 1,
                                                                        "tag": "NumInt"
                                                                    }
                                                                },
                                                                "tag": "NumDiv"
                                                            },
                                                            "signedness": {
                                                                "contents": [],
                                                                "tag": "Unsigned"
                                                            },
                                                            "unit": "s"
                                                        },
                                                        "tag": "ContentQuantity"
                                                    },
                                                    "tag": "ContextFree"
                                                }
                                            },
                                            "tag": "Element"
                                        },
                                        "tag": "ContextFree"
                                    },
                                    "title": "Report Period for Category 021 Reports"
                                },
                                "tag": "Item"
                            },
                            {
                                "contents": {
                                    "documentation": {
                                        "definition": null,
                                        "description": null,
                                        "remark": null
                                    },
                                    "name": "SC",
                                    "rule": {
                                        "contents": {
                                            "contents": {
                                                "bitSize": 3,
                                                "rule": {
                                                    "contents": {
                                                        "contents": [
                                                            [
                                                                0,
                                                                "No information"
                                                            ],
                                                            [
                                                                1,
                                                                "NRA class"
                                                            ],
                                                            [
                                                                2,
                                                                "Reserved for future use"
                                                            ],
                                                            [
                                                                3,
                                                                "Reserved for future use"
                                                            ],
                                                            [
                                                                4,
                                                                "Reserved for future use"
                                                            ],
                                                            [
                                                                5,
                                                                "Reserved for future use"
                                                            ],
                                                            [
                                                                6,
                                                                "Reserved for future use"
                                                            ],
                                                            [
                                                                7,
                                                                "Reserved for future use"
                                                            ]
                                                        ],
                                                        "tag": "ContentTable"
                                                    },
                                                    "tag": "ContextFree"
                                                }
                                            },
                                            "tag": "Element"
                                        },
                                        "tag": "ContextFree"
                                    },
                                    "title": "Service Class"
                                },
                                "tag": "Item"
                            },
                            {
                                "contents": 4,
                                "tag": "Spare"
                            },
                            null,
                            {
                                "contents": {
                                    "documentation": {
                                        "definition": null,
                                        "description": null,
                                        "remark": null
                                    },
                                    "name": "SSRP",
                                    "rule": {
                                        "contents": {
                                            "contents": {
                                                "bitSize": 7,
                                                "rule": {
                                                    "contents": {
                                                        "contents": {
                                                            "constraints": [
                                                                {
                                                                    "contents": {
                                                                        "contents": 1,
                                                                        "tag": "NumInt"
                                                                    },
                                                                    "tag": "GreaterThanOrEqualTo"
                                                                },
                                                                {
                                                                    "contents": {
                                                                        "contents": 127,
                                                                        "tag": "NumInt"
                                                                    },
                                                                    "tag": "LessThanOrEqualTo"
                                                                }
                                                            ],
                                                            "lsb": {
                                                                "contents": 1,
                                                                "tag": "NumInt"
                                                            },
                                                            "signedness": {
                                                                "contents": [],
                                                                "tag": "Unsigned"
                                                            },
                                                            "unit": "s"
                                                        },
                                                        "tag": "ContentQuantity"
                                                    },
                                                    "tag": "ContextFree"
                                                }
                                            },
                                            "tag": "Element"
                                        },
                                        "tag": "ContextFree"
                                    },
                                    "title": "Service Status Reporting Period"
                                },
                                "tag": "Item"
                            },
                            null
                        ],
                        "tag": "Extended"
                    },
                    "tag": "ContextFree"
                },
                "title": "Service Configuration"
            },
            {
                "documentation": {
                    "definition": "Information concerning the status of the Service provided by a Ground Station.\n",
                    "description": null,
                    "remark": null
                },
                "name": "110",
                "rule": {
                    "contents": {
                        "contents": [
                            {
                                "contents": 4,
                                "tag": "Spare"
                            },
                            {
                                "contents": {
                                    "documentation": {
                                        "definition": null,
                                        "description": null,
                                        "remark": null
                                    },
                                    "name": "STAT",
                                    "rule": {
                                        "contents": {
                                            "contents": {
                                                "bitSize": 3,
                                                "rule": {
                                                    "contents": {
                                                        "contents": [
                                                            [
                                                                0,
                                                                "Unknown"
                                                            ],
                                                            [
                                                                1,
                                                                "Failed"
                                                            ],
                                                            [
                                                                2,
                                                                "Disabled"
                                                            ],
                                                            [
                                                                3,
                                                                "Degraded"
                                                            ],
                                                            [
                                                                4,
                                                                "Normal"
                                                            ],
                                                            [
                                                                5,
                                                                "Initialisation"
                                                            ]
                                                        ],
                                                        "tag": "ContentTable"
                                                    },
                                                    "tag": "ContextFree"
                                                }
                                            },
                                            "tag": "Element"
                                        },
                                        "tag": "ContextFree"
                                    },
                                    "title": "Status of the Service"
                                },
                                "tag": "Item"
                            },
                            null
                        ],
                        "tag": "Extended"
                    },
                    "tag": "ContextFree"
                },
                "title": "Service Status"
            },
            {
                "documentation": {
                    "definition": "Statistics concerning the service. Provides counts of various ADS-B\nmessage types that have been received since the report was last sent.\n",
                    "description": null,
                    "remark": null
                },
                "name": "120",
                "rule": {
                    "contents": {
                        "contents": {
                            "type": {
                                "contents": {
                                    "byteSize": 1
                                },
                                "tag": "RepetitiveRegular"
                            },
                            "variation": {
                                "contents": [
                                    {
                                        "contents": {
                                            "documentation": {
                                                "definition": null,
                                                "description": null,
                                                "remark": null
                                            },
                                            "name": "TYPE",
                                            "rule": {
                                                "contents": {
                                                    "contents": {
                                                        "bitSize": 8,
                                                        "rule": {
                                                            "contents": {
                                                                "contents": [
                                                                    [
                                                                        0,
                                                                        "Number of unknown messages received"
                                                                    ],
                                                                    [
                                                                        1,
                                                                        "Number of too old messages received"
                                                                    ],
                                                                    [
                                                                        2,
                                                                        "Number of failed message conversions"
                                                                    ],
                                                                    [
                                                                        3,
                                                                        "Total Number of messages received"
                                                                    ],
                                                                    [
                                                                        4,
                                                                        "Total Number of messages transmitted"
                                                                    ],
                                                                    [
                                                                        20,
                                                                        "Number of TIS-B management messages received"
                                                                    ],
                                                                    [
                                                                        21,
                                                                        "Number of Basic messages received"
                                                                    ],
                                                                    [
                                                                        22,
                                                                        "Number of High Dynamic messages received"
                                                                    ],
                                                                    [
                                                                        23,
                                                                        "Number of Full Position messages received"
                                                                    ],
                                                                    [
                                                                        24,
                                                                        "Number of Basic Ground  messages received"
                                                                    ],
                                                                    [
                                                                        25,
                                                                        "Number of TCP messages received"
                                                                    ],
                                                                    [
                                                                        26,
                                                                        "Number of UTC time  messages received"
                                                                    ],
                                                                    [
                                                                        27,
                                                                        "Number of Data messages received"
                                                                    ],
                                                                    [
                                                                        28,
                                                                        "Number of High Resolution messages received"
                                                                    ],
                                                                    [
                                                                        29,
                                                                        "Number of Aircraft Target Airborne messages received"
                                                                    ],
                                                                    [
                                                                        30,
                                                                        "Number of Aircraft Target Ground messages received"
                                                                    ],
                                                                    [
                                                                        31,
                                                                        "Number of Ground Vehicle Target messages received"
                                                                    ],
                                                                    [
                                                                        32,
                                                                        "Number of 2 slots TCP messages received"
                                                                    ]
                                                                ],
                                                                "tag": "ContentTable"
                                                            },
                                                            "tag": "ContextFree"
                                                        }
                                                    },
                                                    "tag": "Element"
                                                },
                                                "tag": "ContextFree"
                                            },
                                            "title": "Type of Report Counter"
                                        },
                                        "tag": "Item"
                                    },
                                    {
                                        "contents": {
                                            "documentation": {
                                                "definition": null,
                                                "description": null,
                                                "remark": null
                                            },
                                            "name": "REF",
                                            "rule": {
                                                "contents": {
                                                    "contents": {
                                                        "bitSize": 1,
                                                        "rule": {
                                                            "contents": {
                                                                "contents": [
                                                                    [
                                                                        0,
                                                                        "From midnight"
                                                                    ],
                                                                    [
                                                                        1,
                                                                        "From the last report"
                                                                    ]
                                                                ],
                                                                "tag": "ContentTable"
                                                            },
                                                            "tag": "ContextFree"
                                                        }
                                                    },
                                                    "tag": "Element"
                                                },
                                                "tag": "ContextFree"
                                            },
                                            "title": "Reference from which the Messages Are Countered"
                                        },
                                        "tag": "Item"
                                    },
                                    {
                                        "contents": 7,
                                        "tag": "Spare"
                                    },
                                    {
                                        "contents": {
                                            "documentation": {
                                                "definition": null,
                                                "description": null,
                                                "remark": null
                                            },
                                            "name": "CV",
                                            "rule": {
                                                "contents": {
                                                    "contents": {
                                                        "bitSize": 32,
                                                        "rule": {
                                                            "contents": {
                                                                "contents": [],
                                                                "tag": "ContentRaw"
                                                            },
                                                            "tag": "ContextFree"
                                                        }
                                                    },
                                                    "tag": "Element"
                                                },
                                                "tag": "ContextFree"
                                            },
                                            "title": "32-bit Counter Value"
                                        },
                                        "tag": "Item"
                                    }
                                ],
                                "tag": "Group"
                            }
                        },
                        "tag": "Repetitive"
                    },
                    "tag": "ContextFree"
                },
                "title": "Service Statistics"
            },
            {
                "documentation": {
                    "definition": "Currently active operational range of the Ground Station.\n",
                    "description": null,
                    "remark": "Notes:\n\n    1. Maximum value indicates “maximum value or above”.\n"
                },
                "name": "200",
                "rule": {
                    "contents": {
                        "contents": {
                            "bitSize": 8,
                            "rule": {
                                "contents": {
                                    "contents": {
                                        "constraints": [],
                                        "lsb": {
                                            "contents": 1,
                                            "tag": "NumInt"
                                        },
                                        "signedness": {
                                            "contents": [],
                                            "tag": "Unsigned"
                                        },
                                        "unit": "NM"
                                    },
                                    "tag": "ContentQuantity"
                                },
                                "tag": "ContextFree"
                            }
                        },
                        "tag": "Element"
                    },
                    "tag": "ContextFree"
                },
                "title": "Operational Range"
            },
            {
                "documentation": {
                    "definition": "Expansion\n",
                    "description": null,
                    "remark": null
                },
                "name": "RE",
                "rule": {
                    "contents": {
                        "contents": {
                            "contents": [],
                            "tag": "ReservedExpansion"
                        },
                        "tag": "Explicit"
                    },
                    "tag": "ContextFree"
                },
                "title": "Reserved Expansion Field"
            },
            {
                "documentation": {
                    "definition": "Special Purpose Field\n",
                    "description": null,
                    "remark": null
                },
                "name": "SP",
                "rule": {
                    "contents": {
                        "contents": {
                            "contents": [],
                            "tag": "SpecialPurpose"
                        },
                        "tag": "Explicit"
                    },
                    "tag": "ContextFree"
                },
                "title": "Special Purpose Field"
            }
        ],
        "category": 23,
        "date": {
            "day": 27,
            "month": 9,
            "year": 2021
        },
        "edition": {
            "major": 1,
            "minor": 3
        },
        "preamble": "Surveillance data exchange.\n",
        "title": "CNS/ATM Ground Station and Service Status Reports",
        "uap": {
            "contents": [
                {
                    "contents": "010",
                    "tag": "UapItem"
                },
                {
                    "contents": "000",
                    "tag": "UapItem"
                },
                {
                    "contents": "015",
                    "tag": "UapItem"
                },
                {
                    "contents": "070",
                    "tag": "UapItem"
                },
                {
                    "contents": "100",
                    "tag": "UapItem"
                },
                {
                    "contents": "101",
                    "tag": "UapItem"
                },
                {
                    "contents": "200",
                    "tag": "UapItem"
                },
                {
                    "contents": "110",
                    "tag": "UapItem"
                },
                {
                    "contents": "120",
                    "tag": "UapItem"
                },
                {
                    "contents": [],
                    "tag": "UapItemSpare"
                },
                {
                    "contents": [],
                    "tag": "UapItemSpare"
                },
                {
                    "contents": [],
                    "tag": "UapItemSpare"
                },
                {
                    "contents": "RE",
                    "tag": "UapItem"
                },
                {
                    "contents": "SP",
                    "tag": "UapItem"
                }
            ],
            "tag": "Uap"
        }
    },
    "tag": "AsterixBasic"
}