{
    "contents": {
        "catalogue": [
            {
                "documentation": {
                    "definition": "Identification of the radar station from which the data are received.\n",
                    "description": null,
                    "remark": "Note:\n    The defined SACs are on the EUROCONTROL ASTERIX website\n    (www.eurocontrol.int/asterix)\n"
                },
                "name": "010",
                "rule": {
                    "contents": {
                        "contents": [
                            {
                                "contents": {
                                    "documentation": {
                                        "definition": null,
                                        "description": null,
                                        "remark": null
                                    },
                                    "name": "SAC",
                                    "rule": {
                                        "contents": {
                                            "contents": {
                                                "bitSize": 8,
                                                "rule": {
                                                    "contents": {
                                                        "contents": [],
                                                        "tag": "ContentRaw"
                                                    },
                                                    "tag": "ContextFree"
                                                }
                                            },
                                            "tag": "Element"
                                        },
                                        "tag": "ContextFree"
                                    },
                                    "title": "System Area Code"
                                },
                                "tag": "Item"
                            },
                            {
                                "contents": {
                                    "documentation": {
                                        "definition": null,
                                        "description": null,
                                        "remark": null
                                    },
                                    "name": "SIC",
                                    "rule": {
                                        "contents": {
                                            "contents": {
                                                "bitSize": 8,
                                                "rule": {
                                                    "contents": {
                                                        "contents": [],
                                                        "tag": "ContentRaw"
                                                    },
                                                    "tag": "ContextFree"
                                                }
                                            },
                                            "tag": "Element"
                                        },
                                        "tag": "ContextFree"
                                    },
                                    "title": "System Identification Code"
                                },
                                "tag": "Item"
                            }
                        ],
                        "tag": "Group"
                    },
                    "tag": "ContextFree"
                },
                "title": "Data Source Identifier"
            },
            {
                "documentation": {
                    "definition": "Identification of the service provided to one or more users.\n",
                    "description": null,
                    "remark": "The service identification is allocated by the system.\n"
                },
                "name": "015",
                "rule": {
                    "contents": {
                        "contents": {
                            "bitSize": 8,
                            "rule": {
                                "contents": {
                                    "contents": [],
                                    "tag": "ContentRaw"
                                },
                                "tag": "ContextFree"
                            }
                        },
                        "tag": "Element"
                    },
                    "tag": "ContextFree"
                },
                "title": "Service Identification"
            },
            {
                "documentation": {
                    "definition": "Absolute time stamping expressed as UTC.\n",
                    "description": null,
                    "remark": "The time of day value is reset to zero each day at midnight.\n"
                },
                "name": "140",
                "rule": {
                    "contents": {
                        "contents": {
                            "bitSize": 24,
                            "rule": {
                                "contents": {
                                    "contents": {
                                        "constraints": [],
                                        "lsb": {
                                            "contents": {
                                                "denominator": {
                                                    "contents": {
                                                        "base": 2,
                                                        "exponent": 7
                                                    },
                                                    "tag": "NumPow"
                                                },
                                                "numerator": {
                                                    "contents": 1,
                                                    "tag": "NumInt"
                                                }
                                            },
                                            "tag": "NumDiv"
                                        },
                                        "signedness": {
                                            "contents": [],
                                            "tag": "Unsigned"
                                        },
                                        "unit": "s"
                                    },
                                    "tag": "ContentQuantity"
                                },
                                "tag": "ContextFree"
                            }
                        },
                        "tag": "Element"
                    },
                    "tag": "ContextFree"
                },
                "title": "Time of Day"
            },
            {
                "documentation": {
                    "definition": "Version number of Categories used.\n",
                    "description": null,
                    "remark": null
                },
                "name": "550",
                "rule": {
                    "contents": {
                        "contents": {
                            "type": {
                                "contents": {
                                    "byteSize": 1
                                },
                                "tag": "RepetitiveRegular"
                            },
                            "variation": {
                                "contents": [
                                    {
                                        "contents": {
                                            "documentation": {
                                                "definition": null,
                                                "description": null,
                                                "remark": null
                                            },
                                            "name": "CAT",
                                            "rule": {
                                                "contents": {
                                                    "contents": {
                                                        "bitSize": 8,
                                                        "rule": {
                                                            "contents": {
                                                                "contents": {
                                                                    "constraints": [],
                                                                    "signedness": {
                                                                        "contents": [],
                                                                        "tag": "Unsigned"
                                                                    }
                                                                },
                                                                "tag": "ContentInteger"
                                                            },
                                                            "tag": "ContextFree"
                                                        }
                                                    },
                                                    "tag": "Element"
                                                },
                                                "tag": "ContextFree"
                                            },
                                            "title": "Category"
                                        },
                                        "tag": "Item"
                                    },
                                    {
                                        "contents": {
                                            "documentation": {
                                                "definition": null,
                                                "description": null,
                                                "remark": null
                                            },
                                            "name": "MAIN",
                                            "rule": {
                                                "contents": {
                                                    "contents": {
                                                        "bitSize": 8,
                                                        "rule": {
                                                            "contents": {
                                                                "contents": {
                                                                    "constraints": [],
                                                                    "signedness": {
                                                                        "contents": [],
                                                                        "tag": "Unsigned"
                                                                    }
                                                                },
                                                                "tag": "ContentInteger"
                                                            },
                                                            "tag": "ContextFree"
                                                        }
                                                    },
                                                    "tag": "Element"
                                                },
                                                "tag": "ContextFree"
                                            },
                                            "title": "Main Version Number"
                                        },
                                        "tag": "Item"
                                    },
                                    {
                                        "contents": {
                                            "documentation": {
                                                "definition": null,
                                                "description": null,
                                                "remark": null
                                            },
                                            "name": "SUB",
                                            "rule": {
                                                "contents": {
                                                    "contents": {
                                                        "bitSize": 8,
                                                        "rule": {
                                                            "contents": {
                                                                "contents": {
                                                                    "constraints": [],
                                                                    "signedness": {
                                                                        "contents": [],
                                                                        "tag": "Unsigned"
                                                                    }
                                                                },
                                                                "tag": "ContentInteger"
                                                            },
                                                            "tag": "ContextFree"
                                                        }
                                                    },
                                                    "tag": "Element"
                                                },
                                                "tag": "ContextFree"
                                            },
                                            "title": "Sub Version Number"
                                        },
                                        "tag": "Item"
                                    }
                                ],
                                "tag": "Group"
                            }
                        },
                        "tag": "Repetitive"
                    },
                    "tag": "ContextFree"
                },
                "title": "Category Version Number Report"
            },
            {
                "documentation": {
                    "definition": "Expansion\n",
                    "description": null,
                    "remark": null
                },
                "name": "RE",
                "rule": {
                    "contents": {
                        "contents": {
                            "contents": [],
                            "tag": "ReservedExpansion"
                        },
                        "tag": "Explicit"
                    },
                    "tag": "ContextFree"
                },
                "title": "Reserved Expansion Field"
            },
            {
                "documentation": {
                    "definition": "Special Purpose Field\n",
                    "description": null,
                    "remark": null
                },
                "name": "SP",
                "rule": {
                    "contents": {
                        "contents": {
                            "contents": [],
                            "tag": "SpecialPurpose"
                        },
                        "tag": "Explicit"
                    },
                    "tag": "ContextFree"
                },
                "title": "Special Purpose Field"
            }
        ],
        "category": 247,
        "date": {
            "day": 1,
            "month": 2,
            "year": 2008
        },
        "edition": {
            "major": 1,
            "minor": 2
        },
        "preamble": "Surveillance data exchange.\n",
        "title": "Version Number Exchange",
        "uap": {
            "contents": [
                {
                    "contents": "010",
                    "tag": "UapItem"
                },
                {
                    "contents": "015",
                    "tag": "UapItem"
                },
                {
                    "contents": "140",
                    "tag": "UapItem"
                },
                {
                    "contents": "550",
                    "tag": "UapItem"
                },
                {
                    "contents": [],
                    "tag": "UapItemSpare"
                },
                {
                    "contents": "SP",
                    "tag": "UapItem"
                },
                {
                    "contents": "RE",
                    "tag": "UapItem"
                }
            ],
            "tag": "Uap"
        }
    },
    "tag": "AsterixBasic"
}