{
    "contents": {
        "catalogue": [
            {
                "documentation": {
                    "definition": "This Data Item allows for a more convenient handling of the messages\nat the receiver side by further defining the type of transaction.\n",
                    "description": null,
                    "remark": null
                },
                "name": "000",
                "rule": {
                    "contents": {
                        "contents": {
                            "bitSize": 8,
                            "rule": {
                                "contents": {
                                    "contents": [
                                        [
                                            1,
                                            "Polar vector"
                                        ],
                                        [
                                            2,
                                            "Cartesian vector of start point/length"
                                        ],
                                        [
                                            3,
                                            "Contour record"
                                        ],
                                        [
                                            4,
                                            "Cartesian start point and end point vector"
                                        ],
                                        [
                                            254,
                                            "SOP message"
                                        ],
                                        [
                                            255,
                                            "EOP message"
                                        ]
                                    ],
                                    "tag": "ContentTable"
                                },
                                "tag": "ContextFree"
                            }
                        },
                        "tag": "Element"
                    },
                    "tag": "ContextFree"
                },
                "title": "Message Type"
            },
            {
                "documentation": {
                    "definition": "Identification of the radar station from which the data are received.\n",
                    "description": null,
                    "remark": "Note:\n    The defined SACs are on the EUROCONTROL ASTERIX website\n    (www.eurocontrol.int/asterix)\n"
                },
                "name": "010",
                "rule": {
                    "contents": {
                        "contents": [
                            {
                                "contents": {
                                    "documentation": {
                                        "definition": null,
                                        "description": null,
                                        "remark": null
                                    },
                                    "name": "SAC",
                                    "rule": {
                                        "contents": {
                                            "contents": {
                                                "bitSize": 8,
                                                "rule": {
                                                    "contents": {
                                                        "contents": [],
                                                        "tag": "ContentRaw"
                                                    },
                                                    "tag": "ContextFree"
                                                }
                                            },
                                            "tag": "Element"
                                        },
                                        "tag": "ContextFree"
                                    },
                                    "title": "System Area Code"
                                },
                                "tag": "Item"
                            },
                            {
                                "contents": {
                                    "documentation": {
                                        "definition": null,
                                        "description": null,
                                        "remark": null
                                    },
                                    "name": "SIC",
                                    "rule": {
                                        "contents": {
                                            "contents": {
                                                "bitSize": 8,
                                                "rule": {
                                                    "contents": {
                                                        "contents": [],
                                                        "tag": "ContentRaw"
                                                    },
                                                    "tag": "ContextFree"
                                                }
                                            },
                                            "tag": "Element"
                                        },
                                        "tag": "ContextFree"
                                    },
                                    "title": "System Identification Code"
                                },
                                "tag": "Item"
                            }
                        ],
                        "tag": "Group"
                    },
                    "tag": "ContextFree"
                },
                "title": "Data Source Identifier"
            },
            {
                "documentation": {
                    "definition": "Precipitation intensity level, shading orientation of the vectors\nrepresenting the precipitation area and coordinate system used.\n",
                    "description": null,
                    "remark": "Note:\n    For polar vectors bits-4/2 are meaningless and are set to zero.\n"
                },
                "name": "020",
                "rule": {
                    "contents": {
                        "contents": [
                            {
                                "contents": {
                                    "documentation": {
                                        "definition": null,
                                        "description": null,
                                        "remark": null
                                    },
                                    "name": "ORG",
                                    "rule": {
                                        "contents": {
                                            "contents": {
                                                "bitSize": 1,
                                                "rule": {
                                                    "contents": {
                                                        "contents": [
                                                            [
                                                                0,
                                                                "Local Coordinates"
                                                            ],
                                                            [
                                                                1,
                                                                "System Coordinates"
                                                            ]
                                                        ],
                                                        "tag": "ContentTable"
                                                    },
                                                    "tag": "ContextFree"
                                                }
                                            },
                                            "tag": "Element"
                                        },
                                        "tag": "ContextFree"
                                    },
                                    "title": ""
                                },
                                "tag": "Item"
                            },
                            {
                                "contents": {
                                    "documentation": {
                                        "definition": null,
                                        "description": null,
                                        "remark": null
                                    },
                                    "name": "I",
                                    "rule": {
                                        "contents": {
                                            "contents": {
                                                "bitSize": 3,
                                                "rule": {
                                                    "contents": {
                                                        "contents": {
                                                            "constraints": [],
                                                            "signedness": {
                                                                "contents": [],
                                                                "tag": "Unsigned"
                                                            }
                                                        },
                                                        "tag": "ContentInteger"
                                                    },
                                                    "tag": "ContextFree"
                                                }
                                            },
                                            "tag": "Element"
                                        },
                                        "tag": "ContextFree"
                                    },
                                    "title": "Intensity Level"
                                },
                                "tag": "Item"
                            },
                            {
                                "contents": {
                                    "documentation": {
                                        "definition": null,
                                        "description": null,
                                        "remark": null
                                    },
                                    "name": "S",
                                    "rule": {
                                        "contents": {
                                            "contents": {
                                                "bitSize": 3,
                                                "rule": {
                                                    "contents": {
                                                        "contents": [
                                                            [
                                                                0,
                                                                "0°"
                                                            ],
                                                            [
                                                                1,
                                                                "22.5°"
                                                            ],
                                                            [
                                                                2,
                                                                "45°"
                                                            ],
                                                            [
                                                                3,
                                                                "67.5°"
                                                            ],
                                                            [
                                                                4,
                                                                "90°"
                                                            ],
                                                            [
                                                                5,
                                                                "112.5°"
                                                            ],
                                                            [
                                                                6,
                                                                "135°"
                                                            ],
                                                            [
                                                                7,
                                                                "157.5°"
                                                            ]
                                                        ],
                                                        "tag": "ContentTable"
                                                    },
                                                    "tag": "ContextFree"
                                                }
                                            },
                                            "tag": "Element"
                                        },
                                        "tag": "ContextFree"
                                    },
                                    "title": "Shading Orientation with Respect to North"
                                },
                                "tag": "Item"
                            },
                            null,
                            {
                                "contents": 5,
                                "tag": "Spare"
                            },
                            {
                                "contents": {
                                    "documentation": {
                                        "definition": null,
                                        "description": null,
                                        "remark": null
                                    },
                                    "name": "TST",
                                    "rule": {
                                        "contents": {
                                            "contents": {
                                                "bitSize": 1,
                                                "rule": {
                                                    "contents": {
                                                        "contents": [
                                                            [
                                                                0,
                                                                "Default"
                                                            ],
                                                            [
                                                                1,
                                                                "Test vector"
                                                            ]
                                                        ],
                                                        "tag": "ContentTable"
                                                    },
                                                    "tag": "ContextFree"
                                                }
                                            },
                                            "tag": "Element"
                                        },
                                        "tag": "ContextFree"
                                    },
                                    "title": ""
                                },
                                "tag": "Item"
                            },
                            {
                                "contents": {
                                    "documentation": {
                                        "definition": null,
                                        "description": null,
                                        "remark": null
                                    },
                                    "name": "ER",
                                    "rule": {
                                        "contents": {
                                            "contents": {
                                                "bitSize": 1,
                                                "rule": {
                                                    "contents": {
                                                        "contents": [
                                                            [
                                                                0,
                                                                "Default"
                                                            ],
                                                            [
                                                                1,
                                                                "Error condition encountered"
                                                            ]
                                                        ],
                                                        "tag": "ContentTable"
                                                    },
                                                    "tag": "ContextFree"
                                                }
                                            },
                                            "tag": "Element"
                                        },
                                        "tag": "ContextFree"
                                    },
                                    "title": ""
                                },
                                "tag": "Item"
                            },
                            null
                        ],
                        "tag": "Extended"
                    },
                    "tag": "ContextFree"
                },
                "title": "Vector Qualifier"
            },
            {
                "documentation": {
                    "definition": "Sequence of weather vectors in local polar coordinates.\n",
                    "description": null,
                    "remark": "Note:\n    f is a parameter of the SOP message.\n"
                },
                "name": "034",
                "rule": {
                    "contents": {
                        "contents": {
                            "type": {
                                "contents": {
                                    "byteSize": 1
                                },
                                "tag": "RepetitiveRegular"
                            },
                            "variation": {
                                "contents": [
                                    {
                                        "contents": {
                                            "documentation": {
                                                "definition": null,
                                                "description": null,
                                                "remark": "Adjust with scaling factor '100/F'\n"
                                            },
                                            "name": "STR",
                                            "rule": {
                                                "contents": {
                                                    "contents": {
                                                        "bitSize": 8,
                                                        "rule": {
                                                            "contents": {
                                                                "contents": {
                                                                    "constraints": [],
                                                                    "signedness": {
                                                                        "contents": [],
                                                                        "tag": "Unsigned"
                                                                    }
                                                                },
                                                                "tag": "ContentInteger"
                                                            },
                                                            "tag": "ContextFree"
                                                        }
                                                    },
                                                    "tag": "Element"
                                                },
                                                "tag": "ContextFree"
                                            },
                                            "title": "Start Range"
                                        },
                                        "tag": "Item"
                                    },
                                    {
                                        "contents": {
                                            "documentation": {
                                                "definition": null,
                                                "description": null,
                                                "remark": "Adjust with scaling factor '100/F'\n"
                                            },
                                            "name": "ENDR",
                                            "rule": {
                                                "contents": {
                                                    "contents": {
                                                        "bitSize": 8,
                                                        "rule": {
                                                            "contents": {
                                                                "contents": {
                                                                    "constraints": [],
                                                                    "signedness": {
                                                                        "contents": [],
                                                                        "tag": "Unsigned"
                                                                    }
                                                                },
                                                                "tag": "ContentInteger"
                                                            },
                                                            "tag": "ContextFree"
                                                        }
                                                    },
                                                    "tag": "Element"
                                                },
                                                "tag": "ContextFree"
                                            },
                                            "title": "End Range"
                                        },
                                        "tag": "Item"
                                    },
                                    {
                                        "contents": {
                                            "documentation": {
                                                "definition": null,
                                                "description": null,
                                                "remark": null
                                            },
                                            "name": "AZ",
                                            "rule": {
                                                "contents": {
                                                    "contents": {
                                                        "bitSize": 16,
                                                        "rule": {
                                                            "contents": {
                                                                "contents": {
                                                                    "constraints": [],
                                                                    "lsb": {
                                                                        "contents": {
                                                                            "denominator": {
                                                                                "contents": {
                                                                                    "base": 2,
                                                                                    "exponent": 16
                                                                                },
                                                                                "tag": "NumPow"
                                                                            },
                                                                            "numerator": {
                                                                                "contents": 360,
                                                                                "tag": "NumInt"
                                                                            }
                                                                        },
                                                                        "tag": "NumDiv"
                                                                    },
                                                                    "signedness": {
                                                                        "contents": [],
                                                                        "tag": "Unsigned"
                                                                    },
                                                                    "unit": "°"
                                                                },
                                                                "tag": "ContentQuantity"
                                                            },
                                                            "tag": "ContextFree"
                                                        }
                                                    },
                                                    "tag": "Element"
                                                },
                                                "tag": "ContextFree"
                                            },
                                            "title": "Azimuth"
                                        },
                                        "tag": "Item"
                                    }
                                ],
                                "tag": "Group"
                            }
                        },
                        "tag": "Repetitive"
                    },
                    "tag": "ContextFree"
                },
                "title": "Sequence of Polar Vectors in SPF Notation"
            },
            {
                "documentation": {
                    "definition": "Sequence of weather vectors, in the representation start point/length,\nin local or in system cartesian coordinates.\n",
                    "description": null,
                    "remark": "Note:\n    1. LSB of [X, Y, L] is calculated as :math:`2^{-6+F}`.\n    2. F is a parameter of the SOP message.\n    3. Negative values are expressed in 2's complement form, bit-24\n       and bit-16 are set to 0 for positive values and 1 for negative\n       values.\n"
                },
                "name": "036",
                "rule": {
                    "contents": {
                        "contents": {
                            "type": {
                                "contents": {
                                    "byteSize": 1
                                },
                                "tag": "RepetitiveRegular"
                            },
                            "variation": {
                                "contents": [
                                    {
                                        "contents": {
                                            "documentation": {
                                                "definition": null,
                                                "description": null,
                                                "remark": "Adjust with scaling factor '100/F'\n"
                                            },
                                            "name": "X",
                                            "rule": {
                                                "contents": {
                                                    "contents": {
                                                        "bitSize": 8,
                                                        "rule": {
                                                            "contents": {
                                                                "contents": {
                                                                    "constraints": [],
                                                                    "signedness": {
                                                                        "contents": [],
                                                                        "tag": "Signed"
                                                                    }
                                                                },
                                                                "tag": "ContentInteger"
                                                            },
                                                            "tag": "ContextFree"
                                                        }
                                                    },
                                                    "tag": "Element"
                                                },
                                                "tag": "ContextFree"
                                            },
                                            "title": "X-Component"
                                        },
                                        "tag": "Item"
                                    },
                                    {
                                        "contents": {
                                            "documentation": {
                                                "definition": null,
                                                "description": null,
                                                "remark": "Adjust with scaling factor '100/F'\n"
                                            },
                                            "name": "Y",
                                            "rule": {
                                                "contents": {
                                                    "contents": {
                                                        "bitSize": 8,
                                                        "rule": {
                                                            "contents": {
                                                                "contents": {
                                                                    "constraints": [],
                                                                    "signedness": {
                                                                        "contents": [],
                                                                        "tag": "Signed"
                                                                    }
                                                                },
                                                                "tag": "ContentInteger"
                                                            },
                                                            "tag": "ContextFree"
                                                        }
                                                    },
                                                    "tag": "Element"
                                                },
                                                "tag": "ContextFree"
                                            },
                                            "title": "Y-Component"
                                        },
                                        "tag": "Item"
                                    },
                                    {
                                        "contents": {
                                            "documentation": {
                                                "definition": null,
                                                "description": null,
                                                "remark": "Adjust with scaling factor '100/F'\n"
                                            },
                                            "name": "LENGTH",
                                            "rule": {
                                                "contents": {
                                                    "contents": {
                                                        "bitSize": 8,
                                                        "rule": {
                                                            "contents": {
                                                                "contents": {
                                                                    "constraints": [],
                                                                    "signedness": {
                                                                        "contents": [],
                                                                        "tag": "Unsigned"
                                                                    }
                                                                },
                                                                "tag": "ContentInteger"
                                                            },
                                                            "tag": "ContextFree"
                                                        }
                                                    },
                                                    "tag": "Element"
                                                },
                                                "tag": "ContextFree"
                                            },
                                            "title": "Length"
                                        },
                                        "tag": "Item"
                                    }
                                ],
                                "tag": "Group"
                            }
                        },
                        "tag": "Repetitive"
                    },
                    "tag": "ContextFree"
                },
                "title": "Sequence of Cartesian Vectors in SPF Notation"
            },
            {
                "documentation": {
                    "definition": "Sequence of weather vectors, in the representation start point/ end\npoint, in local or in system cartesian coordinates.\n",
                    "description": null,
                    "remark": "Note:\n    1. LSB of [X1, Y1, X2, Y2] is calculated as :math:`2^{-6+f}`.\n    2. f is a parameter of the SOP message.\n    3. Negative values are expressed in 2's complement form, bits-32,\n       24, 16 and 8 are set to 0 for positive values and 1 for negative\n       values.\n"
                },
                "name": "038",
                "rule": {
                    "contents": {
                        "contents": {
                            "type": {
                                "contents": {
                                    "byteSize": 1
                                },
                                "tag": "RepetitiveRegular"
                            },
                            "variation": {
                                "contents": [
                                    {
                                        "contents": {
                                            "documentation": {
                                                "definition": null,
                                                "description": null,
                                                "remark": "Adjust with scaling factor '100/F'\n"
                                            },
                                            "name": "X1",
                                            "rule": {
                                                "contents": {
                                                    "contents": {
                                                        "bitSize": 8,
                                                        "rule": {
                                                            "contents": {
                                                                "contents": {
                                                                    "constraints": [],
                                                                    "signedness": {
                                                                        "contents": [],
                                                                        "tag": "Signed"
                                                                    }
                                                                },
                                                                "tag": "ContentInteger"
                                                            },
                                                            "tag": "ContextFree"
                                                        }
                                                    },
                                                    "tag": "Element"
                                                },
                                                "tag": "ContextFree"
                                            },
                                            "title": "X1-Component"
                                        },
                                        "tag": "Item"
                                    },
                                    {
                                        "contents": {
                                            "documentation": {
                                                "definition": null,
                                                "description": null,
                                                "remark": "Adjust with scaling factor '100/F'\n"
                                            },
                                            "name": "Y1",
                                            "rule": {
                                                "contents": {
                                                    "contents": {
                                                        "bitSize": 8,
                                                        "rule": {
                                                            "contents": {
                                                                "contents": {
                                                                    "constraints": [],
                                                                    "signedness": {
                                                                        "contents": [],
                                                                        "tag": "Signed"
                                                                    }
                                                                },
                                                                "tag": "ContentInteger"
                                                            },
                                                            "tag": "ContextFree"
                                                        }
                                                    },
                                                    "tag": "Element"
                                                },
                                                "tag": "ContextFree"
                                            },
                                            "title": "Y1-Component"
                                        },
                                        "tag": "Item"
                                    },
                                    {
                                        "contents": {
                                            "documentation": {
                                                "definition": null,
                                                "description": null,
                                                "remark": "Adjust with scaling factor '100/F'\n"
                                            },
                                            "name": "X2",
                                            "rule": {
                                                "contents": {
                                                    "contents": {
                                                        "bitSize": 8,
                                                        "rule": {
                                                            "contents": {
                                                                "contents": {
                                                                    "constraints": [],
                                                                    "signedness": {
                                                                        "contents": [],
                                                                        "tag": "Signed"
                                                                    }
                                                                },
                                                                "tag": "ContentInteger"
                                                            },
                                                            "tag": "ContextFree"
                                                        }
                                                    },
                                                    "tag": "Element"
                                                },
                                                "tag": "ContextFree"
                                            },
                                            "title": "X2-Component"
                                        },
                                        "tag": "Item"
                                    },
                                    {
                                        "contents": {
                                            "documentation": {
                                                "definition": null,
                                                "description": null,
                                                "remark": "Adjust with scaling factor '100/F'\n"
                                            },
                                            "name": "Y2",
                                            "rule": {
                                                "contents": {
                                                    "contents": {
                                                        "bitSize": 8,
                                                        "rule": {
                                                            "contents": {
                                                                "contents": {
                                                                    "constraints": [],
                                                                    "signedness": {
                                                                        "contents": [],
                                                                        "tag": "Signed"
                                                                    }
                                                                },
                                                                "tag": "ContentInteger"
                                                            },
                                                            "tag": "ContextFree"
                                                        }
                                                    },
                                                    "tag": "Element"
                                                },
                                                "tag": "ContextFree"
                                            },
                                            "title": "Y2-Component"
                                        },
                                        "tag": "Item"
                                    }
                                ],
                                "tag": "Group"
                            }
                        },
                        "tag": "Repetitive"
                    },
                    "tag": "ContextFree"
                },
                "title": "Sequence of Weather Vectors in SPF Notation"
            },
            {
                "documentation": {
                    "definition": "Contour serial number together with the precipitation intensity levels\nand the coordinates system used.\n",
                    "description": null,
                    "remark": "Note:\n    The Contour Serial Number provides an unambiguous identification\n    for each contour record. Within one update cycle, a serial number\n    shall never be assigned twice.\n"
                },
                "name": "040",
                "rule": {
                    "contents": {
                        "contents": [
                            {
                                "contents": {
                                    "documentation": {
                                        "definition": null,
                                        "description": null,
                                        "remark": null
                                    },
                                    "name": "ORG",
                                    "rule": {
                                        "contents": {
                                            "contents": {
                                                "bitSize": 1,
                                                "rule": {
                                                    "contents": {
                                                        "contents": [
                                                            [
                                                                0,
                                                                "Local Coordinates"
                                                            ],
                                                            [
                                                                1,
                                                                "System Coordinates"
                                                            ]
                                                        ],
                                                        "tag": "ContentTable"
                                                    },
                                                    "tag": "ContextFree"
                                                }
                                            },
                                            "tag": "Element"
                                        },
                                        "tag": "ContextFree"
                                    },
                                    "title": ""
                                },
                                "tag": "Item"
                            },
                            {
                                "contents": {
                                    "documentation": {
                                        "definition": null,
                                        "description": null,
                                        "remark": null
                                    },
                                    "name": "I",
                                    "rule": {
                                        "contents": {
                                            "contents": {
                                                "bitSize": 3,
                                                "rule": {
                                                    "contents": {
                                                        "contents": [],
                                                        "tag": "ContentRaw"
                                                    },
                                                    "tag": "ContextFree"
                                                }
                                            },
                                            "tag": "Element"
                                        },
                                        "tag": "ContextFree"
                                    },
                                    "title": "Intensity Level"
                                },
                                "tag": "Item"
                            },
                            {
                                "contents": 2,
                                "tag": "Spare"
                            },
                            {
                                "contents": {
                                    "documentation": {
                                        "definition": null,
                                        "description": null,
                                        "remark": null
                                    },
                                    "name": "FSTLST",
                                    "rule": {
                                        "contents": {
                                            "contents": {
                                                "bitSize": 2,
                                                "rule": {
                                                    "contents": {
                                                        "contents": [
                                                            [
                                                                0,
                                                                "Intermediate record of a contour"
                                                            ],
                                                            [
                                                                1,
                                                                "Last record of a contour of at least two records"
                                                            ],
                                                            [
                                                                2,
                                                                "First record of a contour of at least two records"
                                                            ],
                                                            [
                                                                3,
                                                                "First and only record, fully defining a contour"
                                                            ]
                                                        ],
                                                        "tag": "ContentTable"
                                                    },
                                                    "tag": "ContextFree"
                                                }
                                            },
                                            "tag": "Element"
                                        },
                                        "tag": "ContextFree"
                                    },
                                    "title": ""
                                },
                                "tag": "Item"
                            },
                            {
                                "contents": {
                                    "documentation": {
                                        "definition": null,
                                        "description": null,
                                        "remark": null
                                    },
                                    "name": "CSN",
                                    "rule": {
                                        "contents": {
                                            "contents": {
                                                "bitSize": 8,
                                                "rule": {
                                                    "contents": {
                                                        "contents": [],
                                                        "tag": "ContentRaw"
                                                    },
                                                    "tag": "ContextFree"
                                                }
                                            },
                                            "tag": "Element"
                                        },
                                        "tag": "ContextFree"
                                    },
                                    "title": "Contour Serial Number"
                                },
                                "tag": "Item"
                            }
                        ],
                        "tag": "Group"
                    },
                    "tag": "ContextFree"
                },
                "title": "Contour Identifier"
            },
            {
                "documentation": {
                    "definition": "Cartesian coordinates of a variable number of points defining a contour.\n",
                    "description": null,
                    "remark": "Note:\n    1. LSB of [X1, Y1] is calculated as :math:`2^{-6+f}`.\n    2. f is a parameter of the SOP message.\n    3. Negative values are expressed in 2's complement form, bit-16\n       and bit-8 shall be set to 0 for positive values and 1 for\n       negative values.\n"
                },
                "name": "050",
                "rule": {
                    "contents": {
                        "contents": {
                            "type": {
                                "contents": {
                                    "byteSize": 1
                                },
                                "tag": "RepetitiveRegular"
                            },
                            "variation": {
                                "contents": [
                                    {
                                        "contents": {
                                            "documentation": {
                                                "definition": null,
                                                "description": null,
                                                "remark": "Adjust with scaling factor '100/F'\n"
                                            },
                                            "name": "X1",
                                            "rule": {
                                                "contents": {
                                                    "contents": {
                                                        "bitSize": 8,
                                                        "rule": {
                                                            "contents": {
                                                                "contents": {
                                                                    "constraints": [],
                                                                    "signedness": {
                                                                        "contents": [],
                                                                        "tag": "Signed"
                                                                    }
                                                                },
                                                                "tag": "ContentInteger"
                                                            },
                                                            "tag": "ContextFree"
                                                        }
                                                    },
                                                    "tag": "Element"
                                                },
                                                "tag": "ContextFree"
                                            },
                                            "title": ""
                                        },
                                        "tag": "Item"
                                    },
                                    {
                                        "contents": {
                                            "documentation": {
                                                "definition": null,
                                                "description": null,
                                                "remark": "Adjust with scaling factor '100/F'\n"
                                            },
                                            "name": "Y1",
                                            "rule": {
                                                "contents": {
                                                    "contents": {
                                                        "bitSize": 8,
                                                        "rule": {
                                                            "contents": {
                                                                "contents": {
                                                                    "constraints": [],
                                                                    "signedness": {
                                                                        "contents": [],
                                                                        "tag": "Signed"
                                                                    }
                                                                },
                                                                "tag": "ContentInteger"
                                                            },
                                                            "tag": "ContextFree"
                                                        }
                                                    },
                                                    "tag": "Element"
                                                },
                                                "tag": "ContextFree"
                                            },
                                            "title": ""
                                        },
                                        "tag": "Item"
                                    }
                                ],
                                "tag": "Group"
                            }
                        },
                        "tag": "Repetitive"
                    },
                    "tag": "ContextFree"
                },
                "title": "Sequence of Contour Points in SPF Notation"
            },
            {
                "documentation": {
                    "definition": "Absolute time stamping expressed as Coordinated Universal Time (UTC) time.\n",
                    "description": null,
                    "remark": "Notes:\n    1. The time of day value is reset to zero each day at midnight.\n    2. For time management in radar transmission applications, refer\n       to Part 1, paragraph 5.4 [Ref. 1].\n"
                },
                "name": "090",
                "rule": {
                    "contents": {
                        "contents": {
                            "bitSize": 24,
                            "rule": {
                                "contents": {
                                    "contents": {
                                        "constraints": [],
                                        "lsb": {
                                            "contents": {
                                                "denominator": {
                                                    "contents": {
                                                        "base": 2,
                                                        "exponent": 7
                                                    },
                                                    "tag": "NumPow"
                                                },
                                                "numerator": {
                                                    "contents": 1,
                                                    "tag": "NumInt"
                                                }
                                            },
                                            "tag": "NumDiv"
                                        },
                                        "signedness": {
                                            "contents": [],
                                            "tag": "Unsigned"
                                        },
                                        "unit": "s"
                                    },
                                    "tag": "ContentQuantity"
                                },
                                "tag": "ContextFree"
                            }
                        },
                        "tag": "Element"
                    },
                    "tag": "ContextFree"
                },
                "title": "Time of Day"
            },
            {
                "documentation": {
                    "definition": "Information concerning the scaling factor currently applied, current\nreduction step in use, etc.\n",
                    "description": null,
                    "remark": "Note:\n    F: Scaling factor, negative values are represented in 2's complement\n    form, bit-24 is set to 0 for positive values and 1 for negative values.\n    R: Current reduction stage in use. Normal operation is indicated by a\n    value of zero. The actual bit signification is application dependent.\n    Q: Processing parameters. The actual bit signification isapplication dependent.\n"
                },
                "name": "100",
                "rule": {
                    "contents": {
                        "contents": [
                            {
                                "contents": {
                                    "documentation": {
                                        "definition": null,
                                        "description": null,
                                        "remark": null
                                    },
                                    "name": "F",
                                    "rule": {
                                        "contents": {
                                            "contents": {
                                                "bitSize": 5,
                                                "rule": {
                                                    "contents": {
                                                        "contents": {
                                                            "constraints": [],
                                                            "signedness": {
                                                                "contents": [],
                                                                "tag": "Signed"
                                                            }
                                                        },
                                                        "tag": "ContentInteger"
                                                    },
                                                    "tag": "ContextFree"
                                                }
                                            },
                                            "tag": "Element"
                                        },
                                        "tag": "ContextFree"
                                    },
                                    "title": "Scaling Factor"
                                },
                                "tag": "Item"
                            },
                            {
                                "contents": {
                                    "documentation": {
                                        "definition": null,
                                        "description": null,
                                        "remark": null
                                    },
                                    "name": "R",
                                    "rule": {
                                        "contents": {
                                            "contents": {
                                                "bitSize": 3,
                                                "rule": {
                                                    "contents": {
                                                        "contents": [],
                                                        "tag": "ContentRaw"
                                                    },
                                                    "tag": "ContextFree"
                                                }
                                            },
                                            "tag": "Element"
                                        },
                                        "tag": "ContextFree"
                                    },
                                    "title": "Current Reduction Stage in Use"
                                },
                                "tag": "Item"
                            },
                            {
                                "contents": {
                                    "documentation": {
                                        "definition": null,
                                        "description": null,
                                        "remark": null
                                    },
                                    "name": "Q",
                                    "rule": {
                                        "contents": {
                                            "contents": {
                                                "bitSize": 15,
                                                "rule": {
                                                    "contents": {
                                                        "contents": [],
                                                        "tag": "ContentRaw"
                                                    },
                                                    "tag": "ContextFree"
                                                }
                                            },
                                            "tag": "Element"
                                        },
                                        "tag": "ContextFree"
                                    },
                                    "title": "Processing Parameters"
                                },
                                "tag": "Item"
                            },
                            null
                        ],
                        "tag": "Extended"
                    },
                    "tag": "ContextFree"
                },
                "title": "Processing Status"
            },
            {
                "documentation": {
                    "definition": "Information concerning the use and status of some vital hardware\ncomponents of a radar system .\n",
                    "description": null,
                    "remark": "Note:\n    Due to the diversity in hardware design and requirements of present\n    and future radar stations, it is felt impractical to attempt to\n    define individual bits.\n"
                },
                "name": "110",
                "rule": {
                    "contents": {
                        "contents": {
                            "type": {
                                "contents": [],
                                "tag": "RepetitiveFx"
                            },
                            "variation": {
                                "contents": {
                                    "bitSize": 7,
                                    "rule": {
                                        "contents": {
                                            "contents": [],
                                            "tag": "ContentRaw"
                                        },
                                        "tag": "ContextFree"
                                    }
                                },
                                "tag": "Element"
                            }
                        },
                        "tag": "Repetitive"
                    },
                    "tag": "ContextFree"
                },
                "title": "Station Configuration Status"
            },
            {
                "documentation": {
                    "definition": "Total number of vectors, respectively contour points, constituting\nthe total weather image, provided with the EOP message.\n",
                    "description": null,
                    "remark": null
                },
                "name": "120",
                "rule": {
                    "contents": {
                        "contents": {
                            "bitSize": 16,
                            "rule": {
                                "contents": {
                                    "contents": {
                                        "constraints": [],
                                        "signedness": {
                                            "contents": [],
                                            "tag": "Unsigned"
                                        }
                                    },
                                    "tag": "ContentInteger"
                                },
                                "tag": "ContextFree"
                            }
                        },
                        "tag": "Element"
                    },
                    "tag": "ContextFree"
                },
                "title": "Total Number of Items Constituting One Weather Picture"
            },
            {
                "documentation": {
                    "definition": "Special Purpose Field\n",
                    "description": null,
                    "remark": null
                },
                "name": "SP",
                "rule": {
                    "contents": {
                        "contents": {
                            "contents": [],
                            "tag": "SpecialPurpose"
                        },
                        "tag": "Explicit"
                    },
                    "tag": "ContextFree"
                },
                "title": "Special Purpose Field"
            }
        ],
        "category": 8,
        "date": {
            "day": 1,
            "month": 4,
            "year": 2021
        },
        "edition": {
            "major": 1,
            "minor": 3
        },
        "preamble": "Surveillance data exchange.\n",
        "title": "Monoradar Derived Weather Information",
        "uap": {
            "contents": [
                {
                    "contents": "010",
                    "tag": "UapItem"
                },
                {
                    "contents": "000",
                    "tag": "UapItem"
                },
                {
                    "contents": "020",
                    "tag": "UapItem"
                },
                {
                    "contents": "036",
                    "tag": "UapItem"
                },
                {
                    "contents": "034",
                    "tag": "UapItem"
                },
                {
                    "contents": "040",
                    "tag": "UapItem"
                },
                {
                    "contents": "050",
                    "tag": "UapItem"
                },
                {
                    "contents": "090",
                    "tag": "UapItem"
                },
                {
                    "contents": "100",
                    "tag": "UapItem"
                },
                {
                    "contents": "110",
                    "tag": "UapItem"
                },
                {
                    "contents": "120",
                    "tag": "UapItem"
                },
                {
                    "contents": "038",
                    "tag": "UapItem"
                },
                {
                    "contents": "SP",
                    "tag": "UapItem"
                },
                {
                    "contents": [],
                    "tag": "UapItemRFS"
                }
            ],
            "tag": "Uap"
        }
    },
    "tag": "AsterixBasic"
}